ABCB1_pred,ABL1_pred,ADRA1D_pred,ADRA2B_pred,ADRB2_pred,CA12_pred,CA2_pred,CA9_pred,CACNA1H_pred,CDK2_pred,CHRM1_pred,CHRM3_pred,CHRM4_pred,CNR1_pred,CYP1A2_pred,CYP2C19_pred,CYP2C9_pred,CYP2D6_pred,CYP3A4_pred,DRD2_pred,DRD3_pred,DRD4_pred,EGFR_pred,ESR1_pred,FLT1_pred,HRH1_pred,HTR1A_pred,HTR2A_pred,HTR2B_pred,HTR2C_pred,HTR6_pred,KCNH2_pred,KDR_pred,LCK_pred,MCL1_pred,OPRK1_pred,PPARG_pred,PTGS1_pred,SIGMAR1_pred,SLC6A2_pred,SLC6A4_pred,ABCB1_true,ABL1_true,ADRA1D_true,ADRA2B_true,ADRB2_true,CA12_true,CA2_true,CA9_true,CACNA1H_true,CDK2_true,CHRM1_true,CHRM3_true,CHRM4_true,CNR1_true,CYP1A2_true,CYP2C19_true,CYP2C9_true,CYP2D6_true,CYP3A4_true,DRD2_true,DRD3_true,DRD4_true,EGFR_true,ESR1_true,FLT1_true,HRH1_true,HTR1A_true,HTR2A_true,HTR2B_true,HTR2C_true,HTR6_true,KCNH2_true,KDR_true,LCK_true,MCL1_true,OPRK1_true,PPARG_true,PTGS1_true,SIGMAR1_true,SLC6A2_true,SLC6A4_true
,,-6.5421605,-8.390925,-6.1035776,,-6.35102,,,,-6.731747,-6.719974,-7.567721,-7.203462,-5.0201364,-3.9768436,-5.135948,-7.239008,-7.4457335,-6.1950107,-6.8903747,-6.4992533,-5.688067,-6.761667,-7.249944,-8.007224,,-5.7231665,-6.374212,-6.089012,-8.722526,-6.58757,,-8.100075,,-7.2197776,,-3.308672,-6.3768096,-6.873376,-5.9787545,,,0.0,0.0,0.0,,0.0,,,,0.0,0.0,0.0,0.0,0.0,0.0,0.0,0.0,0.0,0.0,0.0,0.0,0.0,0.0,0.0,0.0,,0.0,0.0,0.0,0.0,0.0,,0.0,,0.0,,0.0,0.0,0.0,0.0
,,,,,,,,,,,,,,,2.2974153,3.2874897,-2.3678555,,,,,,,,,,,,,,,,,,,,,,,,,,,,,,,,,,,,,,,1.0,0.0,0.0,,,,,,,,,,,,,,,,,,,,,,,
,,,,,,,,,,,,,,,,,,,,,,,,,,0.28159696,,,,,,,,,,,,,,,,,,,,,,,,,,,,,,,,,,,,,,,,,1.0,,,,,,,,,,,,,,
,,,,,,,,,,,,,,-2.4497437,0.42631218,0.7845802,-0.9417417,-0.63275665,,,,,,,,,,,,,,,,,,,,,,,,,,,,,,,,,,,,,0.0,0.0,1.0,0.0,0.0,,,,,,,,,,,,,,,,,,,,,,
,,,,,,,,,,,,,,,-1.3074476,,,,,,,,,,,,,,,,,,,,,,,,,,,,,,,,,,,,,,,,,0.0,,,,,,,,,,,,,,,,,,,,,,,,,
,,,,,,,,,,,,,,,,,,,,,,,,,,,,,,,,,,0.3227488,,,,,,,,,,,,,,,,,,,,,,,,,,,,,,,,,,,,,,,,,1.0,,,,,,
,,,,,,,,,0.60390025,,,,,,,,,,,,,,,,,,,,,,-1.3963114,,,,,,,,,,,,,,,,,,,1.0,,,,,,,,,,,,,,,,,,,,,,0.0,,,,,,,,,
,,,,,,,,,,,,,,,-2.0590842,-2.7579525,-4.7984834,-3.0297418,,,,,,,,,,,,,,,,,,,,,,,,,,,,,,,,,,,,,,0.0,0.0,0.0,0.0,,,,,,,,,,,,,,,,,,,,,,
,,,,,,,,,,,,,,,,,,,,,,,,,,,,,,,,,,2.9651916,,,,,,,,,,,,,,,,,,,,,,,,,,,,,,,,,,,,,,,,,0.0,,,,,,
,,,,,,,,,,,,,,-2.4946551,0.81168646,-3.2742994,-2.4699502,-1.4031243,,,,,,,,,,,,,,,,,,,,,,,,,,,,,,,,,,,,,0.0,0.0,0.0,0.0,0.0,,,,,,,,,,,,,,,,,,,,,,
,,-3.3843498,-3.664723,-3.841859,,-2.9445744,,,,-3.2858303,-2.96947,-3.1942284,-3.2068448,-3.4560404,-2.1858437,-1.8161778,-2.9824018,-1.9082965,-3.8685758,-3.2136314,-3.9704797,-3.5947049,-3.4224067,-3.8481727,-3.6677015,,-2.572483,-3.0232549,-3.607169,-4.148239,-3.5006719,,-4.288869,,-3.961794,,-0.8698343,-2.72359,-3.5819898,-4.5417366,,,0.0,0.0,0.0,,0.0,,,,0.0,0.0,0.0,0.0,0.0,0.0,0.0,0.0,0.0,0.0,0.0,0.0,0.0,0.0,0.0,0.0,,0.0,0.0,0.0,0.0,0.0,,0.0,,0.0,,1.0,0.0,0.0,0.0
,,,,,,,,,,,,,,-1.9458237,-2.7819583,-2.1841698,-2.9825315,-1.732305,,,,,,,,,,,,,,,,,,,,,,,,,,,,,,,,,,,,,0.0,0.0,1.0,0.0,0.0,,,,,,,,,,,,,,,,,,,,,,
,,-4.841604,-4.300496,-4.455474,,-2.8901339,,,,-4.7239847,-4.7040105,-4.3063545,-3.2832654,-2.5959182,-1.9205794,-2.8398092,-1.67159,-1.6695768,-4.0293756,-4.261526,-4.248765,-4.07731,-4.0486817,-4.7807355,-3.4783266,,-4.007512,-4.633984,-5.0546045,-4.1449027,-4.1710153,,-4.8271523,,-4.5010505,,-3.9946773,-4.2755384,-4.105303,-4.508073,,,0.0,0.0,0.0,,0.0,,,,0.0,0.0,0.0,0.0,0.0,0.0,0.0,0.0,0.0,0.0,0.0,0.0,0.0,0.0,0.0,0.0,,0.0,0.0,0.0,0.0,0.0,,0.0,,0.0,,0.0,0.0,0.0,0.0
,,,,,,,,,,,,,,-3.4112349,-2.3178027,-3.1214375,-3.597814,-2.8936057,,,,,,,,,,,,,,,,,,,,,,,,,,,,,,,,,,,,,0.0,0.0,0.0,0.0,0.0,,,,,,,,,,,,,,,,,,,,,,
,,,,,,,,,,,,,,1.964698,1.1743892,-0.4218272,-3.211693,-1.8403069,,,,,,,,,,,,,,,,,,,,,,,,,,,,,,,,,,,,,1.0,1.0,1.0,0.0,1.0,,,,,,,,,,,,,,,,,,,,,,
,,,,,,,,,,,,,,-0.08431919,,,-1.0686332,-1.8673335,,,,,,,,,,,,,,,,,,,,,,,,,,,,,,,,,,,,,1.0,,,1.0,0.0,,,,,,,,,,,,,,,,,,,,,,
,,,,,,,,,,,,,,1.2473009,-1.6072297,,-2.9470687,-1.5349118,,,,,,,,,,,,,,,,,,,,,,,,,,,,,,,,,,,,,1.0,0.0,,0.0,1.0,,,,,,,,,,,,,,,,,,,,,,
,,,,,,,,,,,,,,1.6140019,,-1.7764474,,-1.7258679,,,,,,,,,,,,,,,,,,,,,,,,,,,,,,,,,,,,,1.0,,1.0,,1.0,,,,,,,,,,,,,,,,,,,,,,
,,,,,,,,,,,,,,-7.204004,-3.9632237,-5.7743373,-6.31528,-4.987219,,,,,,,,,,,,,,,,,,,,,,,,,,,,,,,,,,,,,0.0,0.0,0.0,0.0,0.0,,,,,,,,,,,,,,,,,,,,,,
,,-0.6472374,,,,,,0.8339944,,,,,,,,,,,,,,,,,,,,,,,,,,,,,,,,,,,1.0,,,,,,1.0,,,,,,,,,,,,,,,,,,,,,,,,,,,,,,,,
,,-3.6745007,-3.70726,-4.2868176,,-3.4657247,,,,-4.0452695,-3.5491095,-4.041981,-5.534179,-5.94599,-3.2449982,-4.0065026,-3.8021972,-5.426712,-4.7926674,-3.8600347,-4.5093813,-4.53965,-4.604958,-3.7651863,-4.364285,,-3.4383693,-3.9211998,-3.088523,-3.8032694,-1.9398922,,-4.4360924,,-4.764014,,-3.0485923,-3.7408798,-3.814388,-3.651857,,,0.0,0.0,0.0,,0.0,,,,0.0,0.0,0.0,0.0,0.0,0.0,0.0,0.0,0.0,0.0,0.0,0.0,0.0,0.0,0.0,0.0,,0.0,0.0,0.0,0.0,0.0,,0.0,,0.0,,0.0,0.0,0.0,0.0
,,,,,,,,,,,,,,,-2.0690053,,,,,,,,,,,,,,,,,,,,,,,,,,,,,,,,,,,,,,,,,0.0,,,,,,,,,,,,,,,,,,,,,,,,,
,,,,,,,,,,,,,,,,,,,,,,,,,,,,,,,,,,,,,,,-2.425278,-3.5254602,,,,,,,,,,,,,,,,,,,,,,,,,,,,,,,,,,,,,,,,0.0,0.0
,,-3.6169846,-4.1326084,-4.24077,,-3.6660013,,,,-3.455104,-3.8287888,-3.56217,-4.5088844,-4.000146,-1.868945,-2.6062217,-4.57396,-1.4931324,-4.6545973,-3.6339765,-4.114691,-4.265991,-3.4217026,-4.6255774,-3.2507086,,-3.1456113,-2.6449192,-3.969731,-4.440836,-3.728796,,-3.7821949,,-5.079096,,-2.1447704,-3.6819506,-3.8181617,-4.0064034,,,0.0,0.0,0.0,,0.0,,,,0.0,0.0,0.0,0.0,0.0,0.0,0.0,0.0,0.0,0.0,0.0,0.0,0.0,0.0,0.0,0.0,,0.0,0.0,0.0,0.0,0.0,,0.0,,0.0,,0.0,0.0,0.0,0.0
,,,,,,,,,,,,,,,,,,,,,,,,,,,,-0.9268518,,,,,,,,,,,,,,,,,,,,,,,,,,,,,,,,,,,,,,,,,1.0,,,,,,,,,,,,
,,,,,,,,,,,,,,,,,,,,,,,,,,,,-0.29586282,,,,,,,,,,,,,,,,,,,,,,,,,,,,,,,,,,,,,,,,,0.0,,,,,,,,,,,,
,,,,,,,,,,,,,,,,,,,,,,,,,,,,-0.92072034,,,,,,,,,,,,,,,,,,,,,,,,,,,,,,,,,,,,,,,,,0.0,,,,,,,,,,,,
,,,,,,,,,,,,,,,,,,,,,,,,,,,,0.01892037,,,,,,,,,,,,,,,,,,,,,,,,,,,,,,,,,,,,,,,,,1.0,,,,,,,,,,,,
,,,,,,,,,,,,,,,,,,,,,,,,,,,,-1.2027899,,,,,,,,,,,,,,,,,,,,,,,,,,,,,,,,,,,,,,,,,1.0,,,,,,,,,,,,
,,,,,,,,,,,,,,,,,,,,,,,,,,,,-1.1095241,,,,,,,,,,,,,,,,,,,,,,,,,,,,,,,,,,,,,,,,,1.0,,,,,,,,,,,,
,,,,,,,,,,,,,,,,,,,,,,,,,,,,-0.41462854,,,,,,,,,,,,,,,,,,,,,,,,,,,,,,,,,,,,,,,,,0.0,,,,,,,,,,,,
,,,,,,,,,,,,,,,,,,,,,,,-1.1291821,,,,,,,,,,,,,,,,,,,,,,,,,,,,,,,,,,,,,,,,,1.0,,,,,,,,,,,,,,,,,
,,,,,3.9817464,,2.3398411,,,,,,,,,,,,,,,,,,,,,,,,,,,,,,,,,,,,,,,1.0,,1.0,,,,,,,,,,,,,,,,,,,,,,,,,,,,,,,,,
,-0.1340823,,,,,,,,,,,,,,,,,,,,,,,,,,,,,,,,,,,,,,,,,1.0,,,,,,,,,,,,,,,,,,,,,,,,,,,,,,,,,,,,,,,
,,,,,,,,,,,,,,0.6684105,0.30603546,0.20141777,,-0.26591215,,,,,,,,,,,,,,,,,,,,,,,,,,,,,,,,,,,,,1.0,1.0,1.0,,0.0,,,,,,,,,,,,,,,,,,,,,,
,,,,,,,,,,,,,,0.7392717,0.77491516,-1.7801235,-0.41645548,-2.1288512,,,,,,,,,,,,,,,,,,,,,,,,,,,,,,,,,,,,,1.0,1.0,1.0,0.0,1.0,,,,,,,,,,,,,,,,,,,,,,
,,-0.3116586,-1.4890894,-2.0780644,,-1.6178902,,,,-0.5083305,-0.97693545,-1.0123227,-2.4958336,-0.8149164,-1.103787,-1.2361194,-2.1150122,-2.269557,-1.3380463,-0.2267357,-1.7886512,-1.9659439,-2.7456694,-2.4214783,-1.4387958,,-0.35238883,-0.1717965,-0.17600559,-2.0688806,-1.4636655,,-2.1545138,,-2.6471539,,-2.0895367,-1.5267596,-1.3344187,-1.851273,,,0.0,0.0,0.0,,0.0,,,,0.0,0.0,0.0,0.0,0.0,0.0,0.0,0.0,0.0,0.0,0.0,0.0,0.0,0.0,0.0,0.0,,0.0,0.0,0.0,0.0,0.0,,0.0,,0.0,,0.0,0.0,0.0,0.0
,,,,,,,,,,,,,,,,,,,-2.2159207,,,,,,,0.98336893,,,,,-0.5291508,,,,,,,,-2.7042277,-0.7451215,,,,,,,,,,,,,,,,,,,,0.0,,,,,,,1.0,,,,,1.0,,,,,,,,1.0,1.0
,,,,,,,,,,,,,,1.3239356,1.2879678,0.34884322,-0.79008836,,,,,,,,,,,,,,,,,,,,,,,,,,,,,,,,,,,,,,1.0,1.0,1.0,1.0,,,,,,,,,,,,,,,,,,,,,,,
0.017091224,,-3.1792247,-3.0001996,-3.5244942,,-3.316296,,,,-2.6420696,-3.167202,-3.2814686,-3.5868423,0.7196105,-1.2394398,-2.0824485,-2.2648082,-1.5219849,-3.0996754,-3.328795,-3.1178913,-3.8080351,-3.3768704,-3.702926,-3.2797565,,-2.3188899,-2.9072967,-2.6254396,-2.8881662,-3.1873426,,-4.149253,,-3.75207,,-3.6709058,-2.8879356,-3.396992,-3.4577072,0.0,,0.0,0.0,0.0,,0.0,,,,0.0,0.0,0.0,0.0,1.0,0.0,0.0,0.0,0.0,0.0,0.0,0.0,0.0,0.0,0.0,0.0,,0.0,0.0,0.0,0.0,0.0,,0.0,,0.0,,0.0,0.0,0.0,0.0
,,,,,,,,,,,,,,-1.1676264,,,-1.8194158,-2.4174733,,,,,,,,,,,,,,,,,,,,,,,,,,,,,,,,,,,,,0.0,,,0.0,0.0,,,,,,,,,,,,,,,,,,,,,,
,,-1.1737485,-2.2246249,-2.52594,,-2.5975108,,,,-2.6183844,-1.347818,-2.0177832,-2.1308274,-2.6952624,-3.473046,-3.523678,-1.1029481,-3.2831955,-1.4852531,-1.0957981,-1.4494973,-2.223073,-1.935657,-2.5243263,-1.6103582,,-0.5644769,-0.77842927,-1.8096364,-2.6718895,-0.806808,,-3.178903,,-2.6310782,,-3.288926,-0.44263336,-2.5862772,-2.0534918,,,0.0,0.0,0.0,,0.0,,,,0.0,0.0,0.0,0.0,0.0,0.0,0.0,0.0,0.0,0.0,0.0,0.0,0.0,0.0,0.0,0.0,,0.0,0.0,0.0,0.0,0.0,,0.0,,0.0,,0.0,1.0,0.0,0.0
,,,,,,,,,,,,,,1.5324906,3.718498,1.2988553,-3.1900265,-0.5203213,,,,,,,,,,,,,,,,,,,,,,,,,,,,,,,,,,,,,1.0,1.0,1.0,0.0,1.0,,,,,,,,,,,,,,,,,,,,,,
,,,,,,,,,,,,,,-1.4260906,-1.203674,-1.0428934,-3.1543179,-2.1338518,,,,,,,,,,,,,,,,,,,,,,,,,,,,,,,,,,,,,1.0,0.0,1.0,1.0,0.0,,,,,,,,,,,,,,,,,,,,,,
,,-2.6325634,-2.4275906,-2.2592297,,-3.157448,,,,-1.573915,-1.1749502,-1.8417552,-3.159287,-0.43330938,-0.4156453,-0.023018304,-1.9334363,-1.9772817,-2.703053,-2.5292454,-2.7185776,-3.0852172,-1.5852983,-2.389578,-2.7287555,,-2.244828,-2.5775921,-1.3700366,-3.2081692,-3.198017,,-2.9547918,,-2.4510274,,-2.2671561,-0.34153035,-2.2472956,-2.2018154,,,0.0,0.0,0.0,,0.0,,,,0.0,0.0,0.0,0.0,0.0,0.0,0.0,0.0,0.0,0.0,0.0,0.0,0.0,0.0,0.0,0.0,,0.0,0.0,0.0,0.0,0.0,,0.0,,0.0,,0.0,1.0,0.0,0.0
,,-2.4668195,-2.4121091,-2.4903507,,-3.1760206,,,,-1.5137994,-1.185695,-1.570189,-3.0870433,-0.4256866,-0.6894842,0.065693066,-1.8414232,-2.6871264,-2.559197,-2.2786665,-2.4772303,-2.9642422,-1.631942,-2.4874036,-2.713408,,-2.5724027,-2.413164,-1.8017238,-3.4507594,-2.9294603,,-3.2797241,,-2.3845012,,-2.9125588,-0.0628516,-2.0491087,-2.238033,,,0.0,0.0,0.0,,0.0,,,,0.0,0.0,0.0,0.0,0.0,0.0,0.0,0.0,0.0,0.0,0.0,0.0,0.0,0.0,0.0,0.0,,0.0,0.0,0.0,0.0,0.0,,0.0,,0.0,,0.0,1.0,0.0,0.0
,,,,,,,,,,,,,,2.4278715,,-0.44507027,-0.9316497,-1.8824527,,,,,,,,,,,,,,,,,,,,,,,,,,,,,,,,,,,,,0.0,,0.0,0.0,0.0,,,,,,,,,,,,,,,,,,,,,,
,,,,,,,,,,,,,,-0.7526359,-0.7301766,-1.5584614,-2.4003816,,,,,,,,,,,,,,,,,,,,,,,,,,,,,,,,,,,,,,1.0,0.0,0.0,0.0,,,,,,,,,,,,,,,,,,,,,,,
,,,,,,,,,,,,,,,,,,,,,,,-0.9775391,,,,,,,,,,,,,,,,,,,,,,,,,,,,,,,,,,,,,,,,,1.0,,,,,,,,,,,,,,,,,
,,,,,,,,,,,,,,,,,,,,,,,,,,,0.6481283,0.040566094,0.9130384,,,,,,,,,,,,,,,,,,,,,,,,,,,,,,,,,,,,,,,1.0,1.0,1.0,,,,,,,,,,,
,,,,,,,,,,,,,,,-1.3445092,-2.2625024,-1.9415212,-3.3083751,,,,,,,,,,,,,,,,,,,,,,,,,,,,,,,,,,,,,,0.0,0.0,0.0,0.0,,,,,,,,,,,,,,,,,,,,,,
,,,,,,,,,,,,,,,,,,,,,,,,,,,,,,,,,,,,-0.8589834,,,,,,,,,,,,,,,,,,,,,,,,,,,,,,,,,,,,,,,,,1.0,,,,
,,,,,,,,,,,,,,-1.5034635,-0.73106277,0.2511471,-3.4767113,,,,,,,,,,,,,,,,,,,,,,,,,,,,,,,,,,,,,,0.0,0.0,1.0,1.0,,,,,,,,,,,,,,,,,,,,,,,
,,,,,,,,,,,,,,,,,,,,,,,,,,,,,,,,,,,,-1.3544466,,,,,,,,,,,,,,,,,,,,,,,,,,,,,,,,,,,,,,,,,1.0,,,,
,,-0.5682678,-0.55541414,-1.4705215,,-2.6443045,,,,-0.60099256,-1.0949968,-1.1710662,-1.9552358,0.52633584,1.2412926,-0.66257197,-1.3487297,-1.3614032,-1.2792645,-0.90140176,-1.5676303,-1.3066158,-1.3254858,-1.2664399,-1.5053645,,-0.075172,-0.42061302,-0.9796636,-1.8269565,-0.5422475,,-1.6030246,,-2.3551464,,-2.365879,-0.71226287,-1.3714664,-1.4973232,,,0.0,0.0,0.0,,0.0,,,,0.0,0.0,0.0,0.0,0.0,0.0,0.0,0.0,0.0,0.0,0.0,0.0,0.0,0.0,0.0,0.0,,0.0,0.0,0.0,0.0,0.0,,0.0,,0.0,,0.0,0.0,0.0,0.0
,,,,,,,,,,,,,,2.4823837,4.146291,2.4119375,,3.7125943,,,,,,,,,,,,,,,,,,,,,,,,,,,,,,,,,,,,,0.0,0.0,0.0,,1.0,,,,,,,,,,,,,,,,,,,,,,
,,,,,,,,,,,,,,,-0.22562762,-1.1319735,-1.2633016,0.43111572,,,,,,,,,,,,,,,,,,,,,,,,,,,,,,,,,,,,,,1.0,1.0,0.0,1.0,,,,,,,,,,,,,,,,,,,,,,
,,,,,,,,,,,,,,,,,,,,,,,,,,,,,,,,,,2.7529511,,,,,,,,,,,,,,,,,,,,,,,,,,,,,,,,,,,,,,,,,1.0,,,,,,
,,,,,,,,,,,,,,,,,,,,,,,,,,,,,,,,,,2.7373917,,,,,,,,,,,,,,,,,,,,,,,,,,,,,,,,,,,,,,,,,1.0,,,,,,
,,-2.3375254,-2.8664496,-2.5858471,,-1.4464383,,,,-2.0272996,-1.4087301,-2.7145255,-3.7823675,-1.2381207,-1.4050475,-0.5305566,-3.3841376,-1.3614508,-2.2234511,-2.2794888,-2.3250177,-2.195218,-2.4653642,-2.9691718,-2.4963105,,-1.5002071,-3.2168941,-2.042336,-2.893766,-2.762264,,-3.262991,,-2.85937,,-2.7937071,-2.135214,-2.7340388,-2.3885124,,,0.0,0.0,0.0,,0.0,,,,0.0,0.0,0.0,0.0,0.0,0.0,0.0,0.0,0.0,0.0,0.0,0.0,0.0,0.0,0.0,0.0,,0.0,0.0,0.0,0.0,0.0,,0.0,,0.0,,0.0,0.0,0.0,0.0
,,,,,,,,,,,,,,-3.4145913,-4.680518,-4.5125,-4.3541956,-2.2373123,,,,,,,,,,,,,,,,,,,,,,,,,,,,,,,,,,,,,1.0,0.0,0.0,0.0,0.0,,,,,,,,,,,,,,,,,,,,,,
,,,,,,,,,,,,,,,-2.7631204,-2.289173,-4.203068,-2.4620962,,,,,,,,,,,,,,,,,,,,,,,,,,,,,,,,,,,,,,0.0,0.0,0.0,0.0,,,,,,,,,,,,,,,,,,,,,,
,,,,,,,,,,,,,,,-0.3705396,0.15374614,-0.7621402,-1.2574526,,,,,,,,,,,,,,,,1.4817592,,,,,,,,,,,,,,,,,,,,,,1.0,0.0,0.0,1.0,,,,,,,,,,,,,,,,1.0,,,,,,
,,,,,,,,,-0.3977963,,,,,,,,,,,,,,,,,,,,,,,,,,,,,,,,,,,,,,,,,0.0,,,,,,,,,,,,,,,,,,,,,,,,,,,,,,,
,,,,,,,,,,,,,,,,,,,,,,,,,,,,,,,,,,,,-2.0308247,,,,,,,,,,,,,,,,,,,,,,,,,,,,,,,,,,,,,,,,,1.0,,,,
,,,,,,,,,,,,,,-0.8717263,-0.30961883,-0.02038547,-4.2251086,-1.1123369,,,,,,,,,,,,,,,,,,,,,,,,,,,,,,,,,,,,,0.0,1.0,1.0,0.0,1.0,,,,,,,,,,,,,,,,,,,,,,
,,,,,,,,,,,,,,-0.7076105,,-2.2108705,,-0.69109756,,,,,,,,,,,,,,,,,,,,,,,,,,,,,,,,,,,,,0.0,,0.0,,0.0,,,,,,,,,,,,,,,,,,,,,,
,,-2.1607788,-2.1430302,-2.1801655,,-1.5166442,,,,-2.8082125,-2.4577532,-2.355118,-3.2812755,1.0101974,-0.93555444,-2.1233227,-0.5102404,-2.7504175,-2.5135672,-2.7305613,-2.4424849,-2.3278625,-1.5998812,-1.549673,-1.9358125,,-1.5823299,-1.0431432,-2.003062,-2.2963047,-1.0255243,,-1.5833591,,-2.685411,,-3.1149194,-2.0303514,-2.5032947,-2.0252874,,,0.0,0.0,0.0,,0.0,,,,0.0,0.0,0.0,0.0,0.0,0.0,0.0,0.0,0.0,0.0,0.0,0.0,0.0,0.0,0.0,0.0,,0.0,0.0,0.0,0.0,0.0,,0.0,,0.0,,0.0,0.0,0.0,0.0
,,,,,,,,,,,,,,,,,,,,,,,,-1.3647575,,,,,,,,-1.8293171,-1.5881706,,,,,,,,,,,,,,,,,,,,,,,,,,,,,,,,1.0,,,,,,,,1.0,1.0,,,,,,,
,,,,,,,,,,,,,,-3.0692253,-0.73572737,-2.1404507,-3.0013342,,,,,,,,,,,,,,,,,,,,,,,,,,,,,,,,,,,,,,1.0,1.0,0.0,0.0,,,,,,,,,,,,,,,,,,,,,,,
,,,,,,,,,,,,,,,,,,,,,,,,,,,,,,,-1.3900594,0.29875085,,,,,,,,,,,,,,,,,,,,,,,,,,,,,,,,,,,,,,,,0.0,1.0,,,,,,,,
,,,,,,,,,,,,,,-1.1755855,,-3.4971316,-3.3004875,-3.131984,,,,,,,,,,,,,,,,,,,,,,,,,,,,,,,,,,,,,0.0,,0.0,0.0,0.0,,,,,,,,,,,,,,,,,,,,,,
,,,,,,,,,,,,,,,,,,,,,,,,,,,,,,-3.601493,,,,,,,,,,,,,,,,,,,,,,,,,,,,,,,,,,,,,,,,,0.0,,,,,,,,,,
,,,,,,,,,,,,,,,,,,,,,,,-1.2790669,,,,,,,,,,,,,,,,,,,,,,,,,,,,,,,,,,,,,,,,,0.0,,,,,,,,,,,,,,,,,
,,,,,,,,,,,,,,-1.3229246,2.2078688,0.6995169,,1.2999747,,,-1.0286003,,,,,1.0246137,,,,,,,,,,,,,,,,,,,,,,,,,,,,,0.0,0.0,0.0,,1.0,,,1.0,,,,,1.0,,,,,,,,,,,,,,
,,,,,,,,,,0.2986132,1.3054783,1.0020449,,,,,,,,,,,,,,,,,,,,,,,,,,,,,,,,,,,,,,,1.0,1.0,1.0,,,,,,,,,,,,,,,,,,,,,,,,,,,,
,,,,,,,,,,,,,,-4.9931273,,-5.6707215,-5.296878,-4.973046,,,,,,,,,,,,,,,,,,,,,,,,,,,,,,,,,,,,,0.0,,0.0,0.0,0.0,,,,,,,,,,,,,,,,,,,,,,
,,,,,,,,,,,,,,-4.189952,-4.9326344,-5.024343,-4.5525026,-4.258569,,,,,,,,,,,,,,,,,,,,,,,,,,,,,,,,,,,,,0.0,0.0,0.0,0.0,0.0,,,,,,,,,,,,,,,,,,,,,,
0.4169516,,-0.50834817,-0.1765422,-2.6635187,,-1.792781,,,,-0.6497842,-1.2404207,-0.7064561,-2.4143474,-0.28412968,-0.69239163,-2.0965085,-2.7481246,-1.8478193,-1.3536558,-0.25547272,-1.248577,-1.858965,-1.8652897,-2.5538845,0.9973512,,1.3870155,-0.14911368,0.93955994,-0.060691737,-1.2629014,,-2.2963986,,-2.4720073,,-2.1653574,-2.637505,-0.9170387,0.022442844,1.0,,0.0,0.0,0.0,,0.0,,,,1.0,0.0,0.0,0.0,0.0,0.0,0.0,0.0,0.0,0.0,0.0,0.0,0.0,0.0,0.0,0.0,,1.0,1.0,1.0,0.0,0.0,,0.0,,0.0,,0.0,0.0,0.0,1.0
0.49829844,,-0.102266446,0.14420837,-1.4514492,,-2.5058157,,,,-0.32511193,-0.80017,-0.64487565,-1.7701117,-0.7576091,1.4266151,0.5531591,-2.3689275,-0.7404919,-0.73892885,0.2543128,-1.3478142,-1.7434999,-0.7577197,-1.9388425,0.54196835,,1.3362895,0.5174436,1.5045519,-0.7214076,-1.2862623,,-1.6576375,,-2.372221,,-1.9976841,-1.3655819,-1.6487967,-0.3145836,1.0,,0.0,0.0,0.0,,0.0,,,,0.0,0.0,0.0,0.0,0.0,0.0,0.0,0.0,0.0,0.0,0.0,0.0,0.0,0.0,0.0,0.0,,0.0,1.0,0.0,0.0,0.0,,0.0,,0.0,,0.0,0.0,0.0,0.0
,,,,,,,,1.9419491,,,,,,,,,,,,,,,,,,,,,,,,,,,,,,,,,,,,,,,,,1.0,,,,,,,,,,,,,,,,,,,,,,,,,,,,,,,,
,,,,,,,,,,,,,,1.6227596,,2.72572,,,,,,,,,,,,,,,,,,,,,,,,,,,,,,,,,,,,,,,0.0,,1.0,,,,,,,,,,,,,,,,,,,,,,,,
,,,,,,,,,,,,,,,,,,,,,,,,,,,,,,,,,,,-2.027254,,,,,,,,,,,,,,,,,,,,,,,,,,,,,,,,,,,,,,,,,0.0,,,,,
,,,,,,,,,,,,,,,,,,,,,,,,,,1.128281,,,,,,,,,,,,,,-0.9807502,,,,,,,,,,,,,,,,,,,,,,,,,,,1.0,,,,,,,,,,,,,,1.0
,,-2.4776752,-2.3101118,-2.6223755,,-3.5044584,,,,-2.561961,-1.7476797,-2.873535,-3.3645432,0.17176016,-0.5505488,-0.9621268,-1.9698483,-1.2026697,-1.9025712,-1.9724416,-2.2734573,-2.3948448,-2.7183309,-2.9160655,-2.369648,,-2.2340631,-1.76733,-1.9484589,-2.489283,-2.505754,,-2.3974843,,-3.8416743,,-2.5012314,-1.6325665,-3.143666,-2.5901473,,,0.0,0.0,0.0,,0.0,,,,0.0,0.0,0.0,0.0,0.0,0.0,0.0,0.0,0.0,0.0,0.0,0.0,0.0,0.0,0.0,0.0,,0.0,0.0,0.0,0.0,0.0,,0.0,,0.0,,0.0,0.0,0.0,0.0
,,,,,,,,1.784289,,,,,,,,,,,,,,,,,,,,,,,,,,,,,,,,,,,,,,,,,0.0,,,,,,,,,,,,,,,,,,,,,,,,,,,,,,,,
,-0.56394285,,,,,,,,-0.12808557,,,,,,,,,-1.6698722,,,,-0.42218086,,,,,,,,,,,,,,,,,,,,0.0,,,,,,,,0.0,,,,,,,,,0.0,,,,1.0,,,,,,,,,,,,,,,,,,
,,,,,,,,,,,,,,,,,,,,,,,,,,,,,,,,,,,,,-2.0887399,,,,,,,,,,,,,,,,,,,,,,,,,,,,,,,,,,,,,,,,,1.0,,,
,,,,,,,,,,,,,,,0.24470183,-0.25663966,-1.2415521,-2.3702345,,,,,,-0.45348912,,,,,,,,,,,,,,,,,,,,,,,,,,,,,,,,0.0,0.0,0.0,0.0,,,,,,1.0,,,,,,,,,,,,,,,,
,,,,,,,,,,,,,-0.81018,,,,,,,,,,,,,,,,,,,,,,,,,,,,,,,,,,,,,,,,,1.0,,,,,,,,,,,,,,,,,,,,,,,,,,,
,,,,,,,,,,,,,,-4.013203,-1.1251043,-1.9813845,-1.677612,-0.48169142,,,,,,,,,,,,,,,,,,,,,,,,,,,,,,,,,,,,,0.0,0.0,0.0,0.0,0.0,,,,,,,,,,,,,,,,,,,,,,
,,,,,,,,,,,,,,1.6375322,0.9239834,,-2.2029738,0.15002939,,,,,,,,,,,,,,,,,,,,,,,,,,,,,,,,,,,,,0.0,1.0,,0.0,1.0,,,,,,,,,,,,,,,,,,,,,,
,,,,,,,,,,,,,,3.1758633,2.2212472,,,-1.3630067,,,,,,,,,,,,,,,,,,,,,,,,,,,,,,,,,,,,,1.0,1.0,,,1.0,,,,,,,,,,,,,,,,,,,,,,
,,,,,,,,,,,,,,,,,,,,,,-1.4109524,,,,,,,,,,,,,,,,,,,,,,,,,,,,,,,,,,,,,,,,,0.0,,,,,,,,,,,,,,,,,,
,1.5547967,,,,,,,,,,,,,,,,,,,,,,,,,,,,,,,,,,,,,,,,,1.0,,,,,,,,,,,,,,,,,,,,,,,,,,,,,,,,,,,,,,,
,,,,,,,,,,,,,,-2.7194312,-0.4745922,-0.76981,-2.131387,,,,,,,,,,,,,,,,,,,,,,,,,,,,,,,,,,,,,,1.0,1.0,1.0,1.0,,,,,,,,,,,,,,,,,,,,,,,
,,,,,3.587248,-0.23272452,,,,,,,,,,,,,,,,,,,,,,,,,,,,,,,,,,,,,,,,1.0,1.0,,,,,,,,,,,,,,,,,,,,,,,,,,,,,,,,,,
,,,,,,,,,,,,,,0.16931982,0.6609586,,,0.46112666,,,,,,,,,,,,,,,,,,,,,,,,,,,,,,,,,,,,,0.0,1.0,,,1.0,,,,,,,,,,,,,,,,,,,,,,
,,,,,,,,,,,,,,-0.63237077,-0.45772976,0.2767622,,,,,,,,,,,,,,,,,,,,,,,,,,,,,,,,,,,,,,,1.0,1.0,1.0,,,,,,,,,,,,,,,,,,,,,,,,
,,,,,,,,,,,,,,-0.6504099,-2.6801012,-2.6944242,-1.9268388,-2.5013013,,,,,,,,,,,,,,,,,,,,,,,,,,,,,,,,,,,,,1.0,1.0,1.0,1.0,1.0,,,,,,,,,,,,,,,,,,,,,,
,,,,,,,,,,,,,,,,,,,,,,,,,,,,,,,,,,,-1.725731,,,,,,,,,,,,,,,,,,,,,,,,,,,,,,,,,,,,,,,,,1.0,,,,,
,,,,,,,,,,,,,,,2.3203142,,,-0.9907127,,,,,,,,,,,,,,,,,,,,,,,,,,,,,,,,,,,,,,1.0,,,1.0,,,,,,,,,,,,,,,,,,,,,,
,,,,,,,,,,,,,-2.416484,,,,-3.1131406,-1.2245859,,,,,,,,,-2.1492925,-0.49022716,-0.77492476,,,,,,,,,-2.1323729,,,,,,,,,,,,,,,,0.0,,,,0.0,0.0,,,,,,,,,0.0,0.0,0.0,,,,,,,,,0.0,,
,,,,,,,,,,,,,,-2.0911615,-2.4844165,-4.301723,-5.671386,-3.6756473,,,,,,,,,,,,,,,,,,,,,,,,,,,,,,,,,,,,,0.0,0.0,0.0,0.0,0.0,,,,,,,,,,,,,,,,,,,,,,
,,,,,,,,,,,,,,,,,,,,,,,,,,,,,,,,,,,-2.281039,,,,,,,,,,,,,,,,,,,,,,,,,,,,,,,,,,,,,,,,,1.0,,,,,
,,,,,,,,,,,,,,,,,,,,,,,,,,-0.40763095,-2.1699405,-1.890874,-1.8132486,-3.000411,,,,,,,,,,,,,,,,,,,,,,,,,,,,,,,,,,,,,0.0,0.0,0.0,1.0,0.0,,,,,,,,,,
,,,,-2.9201844,,,,,,,,,,0.48571396,-0.10010584,,-1.393982,-1.3172696,,,,,,,,,,,,,,,,,,,,,,,,,,,0.0,,,,,,,,,,1.0,1.0,,0.0,1.0,,,,,,,,,,,,,,,,,,,,,,
,,,,,,,,,,,,,,,,,,,,,,,,,,,,,,,,3.0011995,-1.2213728,,,,,,,,,,,,,,,,,,,,,,,,,,,,,,,,,,,,,,,,1.0,1.0,,,,,,,
,,-2.4054227,-3.3105395,-2.1606278,,-3.507516,,,,-2.5012293,-2.2886286,-3.1343548,-1.4477853,-0.87399864,1.301362,1.9698862,-1.3445119,1.9534807,-2.3146234,-1.2635454,-3.0657928,-2.243603,-2.3478415,-1.5302752,-2.6620562,,-1.7728487,-2.7626376,-1.8060901,-3.827444,-2.057763,,-0.9175624,,-2.4604304,-0.31078085,-2.4959657,-1.7911563,-2.547619,-2.9576864,,,0.0,0.0,0.0,,0.0,,,,0.0,0.0,0.0,0.0,0.0,0.0,0.0,0.0,0.0,0.0,0.0,0.0,0.0,0.0,0.0,0.0,,0.0,0.0,0.0,0.0,0.0,,0.0,,0.0,0.0,0.0,0.0,0.0,0.0
,,,,,,,,,,,,,,-3.9370055,-2.447842,-0.78543574,-4.1189537,-3.4930122,,,,,,,,,,,,,,,,,,,,,,,,,,,,,,,,,,,,,0.0,0.0,0.0,0.0,0.0,,,,,,,,,,,,,,,,,,,,,,
,,,,,,,,,,,,,,-3.3407936,-2.913505,-3.8783991,-3.5643492,-4.371931,,,,,,,,,,,,,,,,,,,,,,,,,,,,,,,,,,,,,0.0,0.0,0.0,0.0,0.0,,,,,,,,,,,,,,,,,,,,,,
,,,,,,,,,,,,,,-1.1329195,1.0332233,,-2.2676358,-2.5343537,,,,,,,,,,,,,,,,,,,,,,,,,,,,,,,,,,,,,1.0,0.0,,0.0,0.0,,,,,,,,,,,,,,,,,,,,,,
,,,,,,,,,,,,,,-1.9364183,,-2.503534,-1.8004099,-2.999178,,,,,,,,,,,,,,,,,,,,,,,,,,,,,,,,,,,,,0.0,,0.0,1.0,0.0,,,,,,,,,,,,,,,,,,,,,,
,,-3.0001395,-3.0833347,-3.5438583,,-2.3798032,,,,-2.5395072,-2.5243735,-1.8020778,-4.071265,-2.8510368,-2.939706,-3.115813,-3.0513997,-1.2978277,-3.4772794,-2.792623,-3.5938072,-3.165311,-2.9446757,-3.6803756,-2.52899,,-2.8440945,-3.159362,-2.7434776,-3.5318067,-2.6492374,,-2.7853527,,-3.884227,,-2.355734,-2.5292442,-3.1709702,-2.9904196,,,0.0,0.0,0.0,,0.0,,,,0.0,0.0,0.0,0.0,0.0,0.0,0.0,0.0,0.0,0.0,0.0,0.0,0.0,0.0,0.0,0.0,,0.0,0.0,0.0,0.0,0.0,,0.0,,0.0,,0.0,0.0,0.0,0.0
,,,,,,,,,,,,,,,3.1165235,2.8971074,,1.9258871,,,,,,,,,,,,,,,,,,,,,,,,,,,,,,,,,,,,,,1.0,1.0,,1.0,,,,,,,,,,,,,,,,,,,,,,
,,-1.2185458,-1.6936338,-2.9324138,,-3.2159572,,,,-1.5982523,-1.8576423,-1.2776004,-3.415483,-2.289008,-1.6412855,-2.224216,-0.61701024,-2.8730063,-2.5552626,-1.1516032,-3.0645244,-2.880286,-2.8312836,-3.0712376,-0.9570186,,0.07362394,-1.4770375,0.075742625,-1.5810204,-1.7248297,,-2.8407967,,-3.231866,,-3.4063256,-2.2247353,-2.4169486,-2.3775241,,,1.0,1.0,0.0,,0.0,,,,0.0,0.0,0.0,0.0,0.0,0.0,0.0,0.0,0.0,0.0,0.0,0.0,0.0,0.0,0.0,1.0,,1.0,1.0,1.0,1.0,0.0,,0.0,,0.0,,0.0,0.0,1.0,0.0
,,,,,,,,,,,,,,0.19434425,-0.1919989,,,,,,,,,,,,,,,,,,,,,,,,,,,,,,,,,,,,,,,,1.0,1.0,,,,,,,,,,,,,,,,,,,,,,,,,
,,,,,,,,,,,,,,,,,,-1.0211318,,,,,,,,,,,,,,,,,,,,,,,,,,,,,,,,,,,,,,,,,0.0,,,,,,,,,,,,,,,,,,,,,,
,,-2.0166342,-2.0069993,-3.337262,,-3.7181122,,,,-1.3990558,-1.2711699,-1.5145558,-3.8631923,-2.3635688,-2.2495384,-3.4749043,-1.8633358,-0.76876473,-2.8263535,-1.3606511,-2.7808003,-3.9779,-2.8558357,-3.5154471,-2.075568,,-1.4327599,-2.0941305,-1.6098113,-3.5548425,-2.463313,,-2.9420056,,-3.8267522,,-2.4482155,-0.91823924,-1.1432211,-1.6051224,,,0.0,1.0,0.0,,0.0,,,,0.0,0.0,0.0,0.0,0.0,0.0,0.0,0.0,0.0,0.0,0.0,0.0,0.0,0.0,0.0,1.0,,1.0,0.0,1.0,0.0,0.0,,0.0,,0.0,,0.0,0.0,1.0,0.0
,,,,,1.3303684,-1.6624476,-0.7448616,,,,,,,,,,,,,,,,,,,,,,,,,,,,,,,,,,,,,,,0.0,0.0,1.0,,,,,,,,,,,,,,,,,,,,,,,,,,,,,,,,,
,,,,,,,,,,,,,,-0.7465722,1.1422087,2.0539682,,-0.7283937,,,,,,,,,,,,,,,,,,,,,,,,,,,,,,,,,,,,,1.0,1.0,1.0,,0.0,,,,,,,,,,,,,,,,,,,,,,
,,-3.8152845,-3.7895844,-3.6070526,,-2.391931,,,,-3.7035654,-2.880443,-3.747759,-3.4652426,-3.9733574,-2.7298994,-0.17427945,-2.7409453,-2.0034075,-4.7962427,-3.9280033,-4.544425,-5.101736,-2.4454715,-4.468724,-4.408253,,-3.7100222,-4.0175343,-3.1803586,-3.805149,-3.6577575,,-4.116826,,-4.460364,,-2.6153092,-3.797752,-3.8688412,-3.6645157,,,0.0,0.0,0.0,,0.0,,,,0.0,0.0,0.0,0.0,0.0,0.0,0.0,0.0,0.0,0.0,0.0,0.0,0.0,0.0,0.0,0.0,,0.0,0.0,0.0,0.0,0.0,,0.0,,0.0,,0.0,0.0,0.0,0.0
,,-3.871548,-4.0351887,-5.143957,,-3.8125005,,,,-3.8265767,-3.8239422,-4.100521,-5.194881,-1.7573595,-2.514249,-3.4795134,-4.0270157,-3.6560202,-3.930333,-4.0032353,-4.1678777,-4.5952654,-4.5504475,-4.458318,-4.349458,,-3.397509,-4.196877,-3.7537496,-4.4321017,-3.8245537,,-5.1577473,,-5.4127007,,-2.929822,-4.2395067,-4.1422067,-4.0676675,,,0.0,0.0,0.0,,0.0,,,,0.0,0.0,0.0,0.0,0.0,0.0,0.0,0.0,0.0,0.0,0.0,0.0,0.0,0.0,0.0,0.0,,0.0,0.0,0.0,0.0,0.0,,0.0,,0.0,,0.0,0.0,0.0,0.0
,,,,,,,,-0.8539866,,,,,,,,,,,,,,,,,,,,,,,,,,,,,,,,,,,,,,,,,1.0,,,,,,,,,,,,,,,,,,,,,,,,,,,,,,,,
,,,,,,,,,,,,,,1.4349791,1.0868767,0.9777524,-4.4309416,-2.8818772,,,,,,,,,,,,,,,,,,,,,,,,,,,,,,,,,,,,,1.0,1.0,1.0,0.0,0.0,,,,,,,,,,,,,,,,,,,,,,
,,,,,,,,2.8033934,,,,,,,,,,,,,,,,,,,,,,,,,,,,,,,,,,,,,,,,,0.0,,,,,,,,,,,,,,,,,,,,,,,,,,,,,,,,
,,,,,,,,,,,,,2.0316296,,,,,,,,,,,,,,,,,,,,,,,,,,,,,,,,,,,,,,,,,1.0,,,,,,,,,,,,,,,,,,,,,,,,,,,
,,,,,,,,0.19370806,,,,,,,,,,,,,,,,,,,,,,,,,,,,,,,,,,,,,,,,,1.0,,,,,,,,,,,,,,,,,,,,,,,,,,,,,,,,
,,,,,,,,,,,,,,,,,,,,,,,,,,,,,,,,,,0.9283972,,,,,,,,,,,,,,,,,,,,,,,,,,,,,,,,,,,,,,,,,0.0,,,,,,
,,,,,,,,,,,,,,-1.5694604,-3.102483,-4.190292,-5.2129107,-3.0538163,,,,,,,,,,,,,,,,,,,,,,,,,,,,,,,,,,,,,1.0,0.0,0.0,0.0,0.0,,,,,,,,,,,,,,,,,,,,,,
,,,,-3.7162607,,,,,,,,,,,,,,,-5.6246057,,,,,,,,,,,,,,,,,,,,,,,,,,1.0,,,,,,,,,,,,,,,0.0,,,,,,,,,,,,,,,,,,,,,
,,,,,,,,,,,,,,1.1988392,-0.51453394,,-1.2845371,,,,,,,,,,,,,,,,,,,,,,,,,,,,,,,,,,,,,,0.0,0.0,,0.0,,,,,,,,,,,,,,,,,,,,,,,
,,,,,,,,,,,,,,-3.4586053,,0.67833537,-2.1074162,0.78348804,,,,,,,,,,,,,,,,,,,,,,,,,,,,,,,,,,,,,0.0,,0.0,0.0,1.0,,,,,,,,,,,,,,,,,,,,,,
,,,,,,,,,,,,,,-2.6764767,,0.7150861,-1.8875564,,,,,,,,,,,,,,,,,,,,,,,,,,,,,,,,,,,,,,0.0,,0.0,0.0,,,,,,,,,,,,,,,,,,,,,,,
,,,,,,,,,,,,,,,,,,,,,,,,,,,,,,0.03124909,,,,,,,,,,,,,,,,,,,,,,,,,,,,,,,,,,,,,,,,,0.0,,,,,,,,,,
,,,,,,,,,,,,,,,,,,,,,,,,,,,,,,0.9556008,,,,,,,,,,,,,,,,,,,,,,,,,,,,,,,,,,,,,,,,,1.0,,,,,,,,,,
,,,,,,,,,,,,,,,,,,,,,,,,,,,,,,1.1195745,,,,,,,,,,,,,,,,,,,,,,,,,,,,,,,,,,,,,,,,,1.0,,,,,,,,,,
,,,,,,,,,,,,,,,,,,,,,,,,,,,,,,1.4096287,,,,,,,,,,,,,,,,,,,,,,,,,,,,,,,,,,,,,,,,,0.0,,,,,,,,,,
,,,,,,,,,,,,,,,,,,,,,,,,,,,,,,-2.3468907,,,,,,,,,,,,,,,,,,,,,,,,,,,,,,,,,,,,,,,,,0.0,,,,,,,,,,
,,,,,,,,,,,,,,-2.8001127,1.9246558,1.6542017,-5.0482206,0.1295056,,,,,,,,,,,,,,,,,,,,,,,,,,,,,,,,,,,,,0.0,0.0,1.0,0.0,1.0,,,,,,,,,,,,,,,,,,,,,,
,,,,,,,,,,,,,,-4.837013,,-2.364203,-4.5041714,-2.7104857,,,,,,,,,,,,,,,,,,,,,,,,,,,,,,,,,,,,,1.0,,0.0,0.0,0.0,,,,,,,,,,,,,,,,,,,,,,
,,,,,,,,,,,,,,-1.65012,,,-0.22546054,-2.2009854,,,,,,,,,,,,,,,,,,,,,,,,,,,,,,,,,,,,,0.0,,,0.0,0.0,,,,,,,,,,,,,,,,,,,,,,
,,,,,,,,,,,,,,0.055278808,-3.7071311,-3.7441695,-3.7658305,-3.2410622,,,,,,,,,,,,,,,,,,,,,,,,,,,,,,,,,,,,,1.0,1.0,1.0,1.0,0.0,,,,,,,,,,,,,,,,,,,,,,
,,,,,,,,,,,,,,,,-1.3262768,-2.923974,-0.50401986,,,,,,,,,,,,,,,,,,,,,,,,,,,,,,,,,,,,,,,0.0,0.0,0.0,,,,,,,,,,,,,,,,,,,,,,
,,,,,,,,,,,,,,,,,,,,,,,,,,,,,,,,,,,,-0.6641553,,,,,,,,,,,,,,,,,,,,,,,,,,,,,,,,,,,,,,,,,0.0,,,,
,-0.27448472,,,,,,,,,,,,,,,,,,,,,,,,,,,,,,,,-1.2562777,,,,,,,,,1.0,,,,,,,,,,,,,,,,,,,,,,,,,,,,,,,,1.0,,,,,,,
,,,,,,,,,,,,,,,,,,,,,,,,,,,,,,,,4.719864,,,,,,,,,,,,,,,,,,,,,,,,,,,,,,,,,,,,,,,,,1.0,,,,,,,,
,,,,,,,,,,,,,,-0.5260865,,,,0.9401481,,,,,,,,,,,,,,,,,,,,,,,,,,,,,,,,,,,,,0.0,,,,0.0,,,,,,,,,,,,,,,,,,,,,,
,,,,,1.5366303,,-0.34129602,,,,,,,-1.5337092,1.5884895,0.61466604,-0.58152163,,,,,,,,,,,,,,,,,,,,,,,,,,,,,0.0,,1.0,,,,,,,1.0,0.0,0.0,0.0,,,,,,,,,,,,,,,,,,,,,,,
,,,,,3.9720497,-0.58586234,-0.17121083,,,,,,,,,,,,,,,,,,,,,,,,,,,,,,,,,,,,,,,1.0,1.0,1.0,,,,,,,,,,,,,,,,,,,,,,,,,,,,,,,,,
,,,,,,,,,,,,,,,,,,,,,-1.0609186,,,,,,,,,,,,,,,,,,,,,,,,,,,,,,,,,,,,,,,,,1.0,,,,,,,,,,,,,,,,,,,
,,,,,,,,,,,,,,,,,,,,,-2.0291312,,,,,-0.28578126,-0.2058917,,,,,,,,,,,,,,,,,,,,,,,,,,,,,,,,,,,1.0,,,,,0.0,0.0,,,,,,,,,,,,,
,,,,,,,,,,,,,,,0.885577,-0.11521369,-2.6307886,-0.24523047,,,,,,,,,,,,,,,,,,,,,,,,,,,,,,,,,,,,,,0.0,0.0,0.0,1.0,,,,,,,,,,,,,,,,,,,,,,
,,,,,,,,,-0.2632301,,,,,,,,,,,,,,,,,,,,,,,,,,,,,,,,,,,,,,,,,0.0,,,,,,,,,,,,,,,,,,,,,,,,,,,,,,,
,,,,,,,,,,,,,,,2.4671679,0.5344477,-1.2959651,0.23150502,,,,,,,,,,,,,,,,,,,,,,,,,,,,,,,,,,,,,,1.0,0.0,0.0,1.0,,,,,,,,,,,,,,,,,,,,,,
,,,,,,,,,,,,,,-4.5594707,-3.1726062,-2.14616,-2.1169562,,,,,,,,,,,,,,,,,,,,,,,,,,,,,,,,,,,,,,1.0,1.0,1.0,0.0,,,,,,,,,,,,,,,,,,,,,,,
,,,,,,,,,,,,,,,,,,,,,,,,,,,,,,,,,,,,,,-3.2302675,-3.722528,,,,,,,,,,,,,,,,,,,,,,,,,,,,,,,,,,,,,,,,0.0,0.0,
,,,,,,,,,,,,,,-2.7543468,1.2102481,2.523911,,,,,,,,,,,,,,,,,,,,,,,,,,,,,,,,,,,,,,,0.0,1.0,0.0,,,,,,,,,,,,,,,,,,,,,,,,
,,-2.9786646,-3.1096542,-4.009298,,-4.1371336,,,,-3.2984784,-2.8579106,-2.6946943,-4.329816,-1.6923884,-3.9456022,-3.5400717,-3.2875504,-3.7127614,-3.2428744,-3.247661,-4.380721,-4.4986634,-3.0749815,-4.4612794,-3.5964382,,-2.8487802,-2.8261244,-3.791807,-3.7347274,-3.6505728,,-3.8984752,,-4.2128386,,-2.5135007,-2.6516123,-3.252403,-3.5580084,,,0.0,0.0,0.0,,0.0,,,,0.0,0.0,0.0,0.0,0.0,0.0,0.0,0.0,0.0,0.0,0.0,0.0,0.0,0.0,0.0,0.0,,0.0,0.0,0.0,0.0,0.0,,0.0,,0.0,,0.0,0.0,0.0,0.0
,,,,,,,,,,,,-2.6178102,,,,,,,,,,,,,,,,,,,,,,,,,,,,,,,,,,,,,,,,,1.0,,,,,,,,,,,,,,,,,,,,,,,,,,,,
,,,,,,,,,,,,,,,-0.8481286,-1.1496159,0.10886295,-0.5862054,,,,,,,,,,,,,,,,,,,,,,,,,,,,,,,,,,,,,,0.0,0.0,0.0,0.0,,,,,,,,,,,,,,,,,,,,,,
,,,,,,,,,,,,,,,0.3126793,,-2.147869,-0.0815807,,,,,,,,,,,,,,,,,,,,,,,,,,,,,,,,,,,,,,0.0,,0.0,1.0,,,,,,,,,,,,,,,,,,,,,,
,,,,,,,,,,,,,,1.8821962,1.0933323,-0.3074677,,0.2977156,,,,,,,,,,,,,,,,,,,,,,,,,,,,,,,,,,,,,1.0,1.0,1.0,,1.0,,,,,,,,,,,,,,,,,,,,,,
,,,,,,,,,,,,,,,1.7675576,1.2081246,-0.61097294,-0.08975817,,,,,,,,,,,,,,,,,,,,,,,,,,,,,,,,,,,,,,1.0,1.0,0.0,0.0,,,,,,,,,,,,,,,,,,,,,,
,,,,,,,,,,,,,,,,,,,,,,,,,,,,,,,,,,,-2.4976172,,,,,,,,,,,,,,,,,,,,,,,,,,,,,,,,,,,,,,,,,1.0,,,,,
,,-3.3019738,-2.849347,-3.1546938,,-3.1267388,,,,-2.7944193,-2.4822874,-3.0859358,-3.791764,-1.0681236,-1.2817453,-1.1475898,-3.2985241,-2.325034,-3.0740964,-3.158104,-3.0565612,-3.807475,-3.2449284,-3.4226127,-3.8244443,,-2.393498,-3.2223473,-2.5628555,-3.2892165,-2.6867816,,-3.2995954,,-3.5705225,,-2.7446108,-2.507595,-2.3055308,-3.223537,,,0.0,0.0,0.0,,0.0,,,,0.0,0.0,0.0,0.0,0.0,0.0,0.0,0.0,0.0,0.0,0.0,0.0,0.0,0.0,0.0,0.0,,0.0,0.0,0.0,0.0,0.0,,0.0,,0.0,,0.0,0.0,0.0,0.0
,,,,,,,,,,,,,,,,,,,,,,,,,,,,,,,,3.050471,,,,,,,,,,,,,,,,,,,,,,,,,,,,,,,,,,,,,,,,,1.0,,,,,,,,
,,,,,,,,,,,,,,,,0.7801397,-3.6657255,-1.3582749,,,,,,,,,,,,,,,,,,,,,,,,,,,,,,,,,,,,,,,0.0,1.0,0.0,,,,,,,,,,,,,,,,,,,,,,
,,,,,,,,,,,,,,-1.8816901,-1.1472614,-3.984629,-3.841525,,,,,,,,,,,,,,,,,,,,,,,,,,,,,,,,,,,,,,0.0,1.0,1.0,0.0,,,,,,,,,,,,,,,,,,,,,,,
,,,,,,,,,,,,,,,,,,,,,,-2.5396483,,,,,,,,,,,,,,,,,,,,,,,,,,,,,,,,,,,,,,,,,0.0,,,,,,,,,,,,,,,,,,
,,,,,,,,,,,,,,-2.922072,-0.11690695,,-4.2255573,,,,,,,,,,,,,,,,,,,,,,,,,,,,,,,,,,,,,,0.0,0.0,,0.0,,,,,,,,,,,,,,,,,,,,,,,
,,,,,,,,,,,,,,0.7274466,-0.14455041,-0.79341036,,-2.0474112,,,,,,,,,,,,,,,,,,,,,,,,,,,,,,,,,,,,,1.0,1.0,1.0,,1.0,,,,,,,,,,,,,,,,,,,,,,
,,,,,,,,,,-0.6046189,-1.0639979,,,,,,,,,,,,,,,,,,,,,,,,,,,,,,,,,,,,,,,,0.0,0.0,,,,,,,,,,,,,,,,,,,,,,,,,,,,,
,,,,,,,,,,,,,,-0.38006008,-0.5972891,0.12808417,-0.56573796,,,,,,,,,,,,,,,,,,,,,,,,,,,,,,,,,,,,,,1.0,0.0,0.0,1.0,,,,,,,,,,,,,,,,,,,,,,,
,,,,,,,,0.85612506,,,,,,,,,,,,,,,,,,,,,,,,,,,,,,,,,,,,,,,,,0.0,,,,,,,,,,,,,,,,,,,,,,,,,,,,,,,,
,,,,,,,,,,,,,,,,,,,,,,,,,,,,,,,-3.2823958,,,,,,,,,,,,,,,,,,,,,,,,,,,,,,,,,,,,,,,,,0.0,,,,,,,,,
,,,,,,,,,,,,,,,,,,,,,,0.014854234,,,,,,,,,,,-0.071261354,,,,,,,,,,,,,,,,,,,,,,,,,,,,,,1.0,,,,,,,,,,,0.0,,,,,,,
,,,,,,,,,,,,,,0.9983167,1.1868278,-0.9774372,-1.7833496,-1.3612409,,,,,,,,,,,,,,,,,,,,,,,,,,,,,,,,,,,,,1.0,1.0,1.0,0.0,0.0,,,,,,,,,,,,,,,,,,,,,,
,,,,,,,,,,,,,,-0.39875174,0.15742947,,-2.6686902,-3.552367,,,,,,,,,,,,,,,,,,,,,,,,,,,,,,,,,,,,,0.0,1.0,,0.0,0.0,,,,,,,,,,,,,,,,,,,,,,
,,,,,,,,,,,,,,-1.5922029,0.24908546,0.008224066,-3.8630486,,,,,,,,,,,,,,,,,,,,,,,,,,,,,,,,,,,,,,0.0,1.0,1.0,0.0,,,,,,,,,,,,,,,,,,,,,,,
,,,,,,,,,,,,,,2.0423796,1.2599826,-2.2596617,,-2.6855116,,,,,,,,,,,,,-1.8947564,,,,,,,,,,,,,,,,,,,,,,,,0.0,0.0,0.0,,0.0,,,,,,,,,,,,,0.0,,,,,,,,,
,,,,,,,,,,,,,,0.60163915,,0.6856113,,,,,,,,,,,,,,,,,,,,,,,,,,,,,,,,,,,,,,,0.0,,0.0,,,,,,,,,,,,,,,,,,,,,,,,
,1.2445449,,,,,,,,0.36297628,,,,,,,,,,,,,-1.1765105,,,,,,,,,,-0.04955168,-1.4645766,,,,,,,,,1.0,,,,,,,,0.0,,,,,,,,,,,,,0.0,,,,,,,,,,0.0,1.0,,,,,,,
,,,,,,,,,,,,,,,,,,,,,,,,,,1.0060318,,,,,,,,,,,,,,,,,,,,,,,,,,,,,,,,,,,,,,,,,1.0,,,,,,,,,,,,,,
,,,,,,,,,,,,,,,,,,,,,,,,,,,,,,,,,,0.70140207,,,,,,,,,,,,,,,,,,,,,,,,,,,,,,,,,,,,,,,,,1.0,,,,,,
,,,,,,,,,,,,,,-4.1707506,,0.51400214,-1.9007324,-0.42935923,,,,,,,,,,,,,,,,,,,,,,,,,,,,,,,,,,,,,0.0,,1.0,0.0,1.0,,,,,,,,,,,,,,,,,,,,,,
,,,,,,,,,,,,,,-1.9875792,0.16320162,2.0786316,-0.5822065,,,,,,,,,,,,,,,,,,,,,,,,,,,,,,,,,,,,,,0.0,1.0,1.0,0.0,,,,,,,,,,,,,,,,,,,,,,,
,,,,,,,,,,,,,,-1.7459462,,0.7357916,-0.28410554,,,,,,,,,,,,,,,,,,,,,,,,,,,,,,,,,,,,,,0.0,,1.0,0.0,,,,,,,,,,,,,,,,,,,,,,,
,,,,,,,,,,,,,,,-1.5654339,,,,,,,,,,,,,,,,,,,,,,,,,,,,,,,,,,,,,,,,,1.0,,,,,,,,,,,,,,,,,,,,,,,,,
,,,,,-1.0306059,-1.6189976,-0.6062851,,,,,,,,,,,,,,,,,,,,,,,,,,,,,,,,,,,,,,,0.0,0.0,0.0,,,,,,,,,,,,,,,,,,,,,,,,,,,,,,,,,
,,,,,,,,,,,,,,-3.9148366,,,-5.6680923,-4.8470497,,,,,,,,,,,,,,,,,,,,,,,,,,,,,,,,,,,,,0.0,,,0.0,0.0,,,,,,,,,,,,,,,,,,,,,,
,,,,,,,,,,,,,,-0.8167427,-0.71656495,-1.8856099,,-2.3784685,,,,,,,,,,,,,,,,,,,,,,,,,,,,,,,,,,,,,1.0,1.0,1.0,,1.0,,,,,,,,,,,,,,,,,,,,,,
,,,,,,,,,,,,,,,,,,,,,,,,,,,,,,,-0.5641336,,,,,,,,,,,,,,,,,,,,,,,,,,,,,,,,,,,,,,,,,0.0,,,,,,,,,
,,,,,,,,,,,,,,,,,,,-1.815928,-2.1341796,,,,,,0.27153823,-0.29472715,,,,,,,,,,,,,,,,,,,,,,,,,,,,,,,,,0.0,0.0,,,,,,0.0,0.0,,,,,,,,,,,,,
,,,,,,,,,,,,,,2.12374,,0.7779327,-2.970924,-0.17040959,,,,,,,,,,,0.1940065,,,,,,,,,,,,,,,,,,,,,,,,,,0.0,,0.0,0.0,0.0,,,,,,,,,,,1.0,,,,,,,,,,,
,,,,,,,,,,,,,,,,,,,,,,,,,,,,,,,,,,,,,,,-1.6353585,-2.3841493,,,,,,,,,,,,,,,,,,,,,,,,,,,,,,,,,,,,,,,,1.0,1.0
,,,,,,,,,,,,,,,,,,,,,,,,,,,,,,,-1.3881061,,,,,,,,,,,,,,,,,,,,,,,,,,,,,,,,,,,,,,,,,0.0,,,,,,,,,
,,,,,,,,,,,,,,-2.8522692,-3.781709,-3.1118438,-3.922585,-3.6791677,,,,,,,,,,,,,,,,,,,,,,,,,,,,,,,,,,,,,0.0,0.0,0.0,0.0,0.0,,,,,,,,,,,,,,,,,,,,,,
,,,,,,,,,,,,,,1.1421175,,0.047208767,-2.646664,0.012243155,,,,,,,,,,,,,,,,,,,,,,,,,,,,,,,,,,,,,1.0,,0.0,0.0,0.0,,,,,,,,,,,,,,,,,,,,,,
,,,,,,,,2.7766912,,,,,,,,,,,,,,,,,,,,,,,,,,,,,,,,,,,,,,,,,1.0,,,,,,,,,,,,,,,,,,,,,,,,,,,,,,,,
,,,,,,,,,,,,,,1.0023763,0.08035977,-0.48166436,,0.15933782,,,,,,,,,,,,,,,,,,,,,,,,,,,,,,,,,,,,,1.0,1.0,0.0,,1.0,,,,,,,,,,,,,,,,,,,,,,
,,,,,,,,,,,,,,-1.5928451,0.6303673,1.4615008,-1.7971846,-0.3746455,,,,,,,,,,,,,,,,,,,,,,,,,,,,,,,,,,,,,0.0,0.0,0.0,0.0,0.0,,,,,,,,,,,,,,,,,,,,,,
,,,,,,,,,,,,,,,1.6607395,,,-1.0277966,,,,,,,,,,,,,,,,,,,,,,,,,,,,,,,,,,,,,,1.0,,,0.0,,,,,,,,,,,,,,,,,,,,,,
,,,,,,,,,,,,,,0.8148359,-0.23731695,-1.4528818,,-1.2722722,,,,,,,,,,,,,,,,,,,,,,,,,,,,,,,,,,,,,1.0,0.0,0.0,,0.0,,,,,,,,,,,,,,,,,,,,,,
,,,,,,,,,,,,,,-0.13065855,,,-2.7151284,-2.0636582,,,,,,,,,,,,,,,,,,,,,,,,,,,,,,,,,,,,,1.0,,,0.0,1.0,,,,,,,,,,,,,,,,,,,,,,
,,,,,,,,,,,,,,,,,,,,,,,,,,,,,,,,,,0.03376342,,,,,,,,,,,,,,,,,,,,,,,,,,,,,,,,,,,,,,,,,1.0,,,,,,
,,,,,,,,,,,,,-3.4742694,,,,,,,,,,,,,,,,,,,,,,,,,,,,,,,,,,,,,,,,,0.0,,,,,,,,,,,,,,,,,,,,,,,,,,,
,,,,,,,,,,,,,,1.0210826,2.5039265,2.30693,-1.5468462,0.2054488,,,,,,,,,,,,,,,,,,,,,,,,,,,,,,,,,,,,,1.0,1.0,1.0,0.0,0.0,,,,,,,,,,,,,,,,,,,,,,
,,,,,,,,,,,,,,,,-0.29856956,-1.8452141,,,,,,,,,,,,,,,,,,,,,,,,,,,,,,,,,,,,,,,,1.0,0.0,,,,,,,,,,,,,,,,,,,,,,,
,,,,,,,,,,,,,,-0.5411802,2.122173,,-1.9372479,,,,,,,,,,,,,,,,,,,,,,,,,,,,,,,,,,,,,,1.0,0.0,,1.0,,,,,,,,,,,,,,,,,,,,,,,
,,,,,,,,,,,,,,-0.9234563,,,0.5601352,0.45144513,,,,,,,,,,,,,,,,,,,,,,,,,,,,,,,,,,,,,0.0,,,0.0,1.0,,,,,,,,,,,,,,,,,,,,,,
,,,,,,,,,,,,,,4.144182,0.48456472,-1.2044426,,-1.722135,,,,,,,,,,,,,,,,,,,,,,,,,,,,,,,,,,,,,1.0,1.0,0.0,,1.0,,,,,,,,,,,,,,,,,,,,,,
,,,,,,,,,,,,,,,,-1.1103172,,,,,,,,,,,,,,,,,,,,,,,,,,,,,,,,,,,,,,,,,0.0,,,,,,,,,,,,,,,,,,,,,,,,
,,,,,,,,,,,,,,,,,,,,,,,-1.4151235,,,,,,,,,,,,,,,,,,,,,,,,,,,,,,,,,,,,,,,,,0.0,,,,,,,,,,,,,,,,,
,,,,,,,,,,,,,,,,0.14347774,-0.72350544,0.08528562,,,,,,,,,,,,,,,,,,,,,,,,,,,,,,,,,,,,,,,0.0,1.0,0.0,,,,,,,,,,,,,,,,,,,,,,
,,,,,,,,,,,,,,,3.6716805,2.7567651,-1.710792,2.0621862,,,,,,,,,,,,,,,,,,,,,,,,,,,,,,,,,,,,,,1.0,1.0,1.0,1.0,,,,,,,,,,,,,,,,,,,,,,
,,,,,,,,,-1.0642565,,,,,,,,,,,,,,,,,,,,,,,,,,,,,,,,,,,,,,,,,0.0,,,,,,,,,,,,,,,,,,,,,,,,,,,,,,,
,,,,,,,,,,,,,,0.54691166,0.57318515,0.8814451,,-0.23506857,,,,,,,,,,,,,,,,,,,,,,,,,,,,,,,,,,,,,1.0,1.0,1.0,,0.0,,,,,,,,,,,,,,,,,,,,,,
,,,,,,,,,,,,,,-2.557203,,,-2.0646791,,,,,,,,,,,,,,,,,,,,,,,,,,,,,,,,,,,,,,0.0,,,1.0,,,,,,,,,,,,,,,,,,,,,,,
,,,,,,,,,,,,,,,,1.7897073,,,,,,,,,,,,,,,,,,,,,,,,,,,,,,,,,,,,,,,,,1.0,,,,,,,,,,,,,,,,,,,,,,,,
,,-4.5933623,-3.9150717,-4.512784,,-3.6493402,,,,-4.129247,-3.6396418,-4.5642114,-4.5495462,-2.0160205,-2.1627088,-2.1581366,-4.846261,-3.2695005,-3.787452,-4.131641,-3.323531,-4.268639,-4.0320964,-4.2526674,-4.43187,,-3.7730825,-3.651105,-3.7060592,-4.5731606,-3.7816272,,-4.3533497,,-4.401541,,-3.439832,-3.4800863,-3.12602,-3.6074162,,,0.0,0.0,0.0,,0.0,,,,0.0,0.0,0.0,0.0,0.0,0.0,0.0,0.0,0.0,0.0,0.0,0.0,0.0,0.0,0.0,0.0,,0.0,0.0,0.0,0.0,0.0,,0.0,,0.0,,0.0,0.0,0.0,0.0
,,,,,,,,,,-1.4268993,-1.3012594,-2.3291426,,,,,,,-2.40444,,,,,,,,,,,,,,,,,,,,,,,,,,,,,,,,0.0,0.0,0.0,,,,,,,0.0,,,,,,,,,,,,,,,,,,,,,
0.7819732,,,,,,,,,,,,,,,,,,,,,,,,,,,,,,,,,,,,,,,,,1.0,,,,,,,,,,,,,,,,,,,,,,,,,,,,,,,,,,,,,,,,
,,,,,,,,,-1.1758416,,,,,,,,,,,,,,,-2.3087587,,,,,,,,-1.1127682,,,,,,,,,,,,,,,,,,0.0,,,,,,,,,,,,,,,1.0,,,,,,,,1.0,,,,,,,,
,,,,,,,,,,,,,,,,,,,,,,-0.7905958,,,,,,,,,,,,,,,,,,,,,,,,,,,,,,,,,,,,,,,,,1.0,,,,,,,,,,,,,,,,,,
1.8136568,,,,,,,,,,,,,,,,,,,,,,,,,,,,,,,,,,,,,,,,,0.0,,,,,,,,,,,,,,,,,,,,,,,,,,,,,,,,,,,,,,,,
,-0.88799584,,,,,,,,,,,,,1.2307956,-1.0066097,-1.8949574,-1.1601013,,,,,0.17254794,,,,,,,,,,,,,,,,,,,,1.0,,,,,,,,,,,,,1.0,0.0,0.0,0.0,,,,,1.0,,,,,,,,,,,,,,,,,,
,,,,,,,,,,,,,,,,,,,,,,1.6900008,,,,,,,,,,,,,,,,,,,,,,,,,,,,,,,,,,,,,,,,,0.0,,,,,,,,,,,,,,,,,,
,-0.89060324,,,,,,,,-1.1354008,,,,,2.0927362,-0.6327457,-1.68299,,-3.0297208,,,,-0.08655769,,,,,,,,,,-0.9355034,,,,,,,,,,1.0,,,,,,,,0.0,,,,,1.0,1.0,1.0,,1.0,,,,0.0,,,,,,,,,,0.0,,,,,,,,
,,,,,,,,,,,,,,,,,,,,,,-0.7834106,,,,,,,,,,,,,,,,,,,,,,,,,,,,,,,,,,,,,,,,,0.0,,,,,,,,,,,,,,,,,,
,,,,,,,,,,,,,,,,,,,,,,,,-3.073913,,,,,,,,-0.6631757,,,,,,,,,,,,,,,,,,,,,,,,,,,,,,,,,0.0,,,,,,,,0.0,,,,,,,,
,,,,,,,,,,,,,,4.8222284,,,0.5508104,-0.2713146,,,,,,,,,,,,,,,,,-2.4298978,,,,,,,,,,,,,,,,,,,,1.0,,,0.0,1.0,,,,,,,,,,,,,,,,,1.0,,,,,
,,,,,,,,,-1.4729285,,,,,,,,,,,,,,,,,,,,,,,,,,,,,,,,,,,,,,,,,0.0,,,,,,,,,,,,,,,,,,,,,,,,,,,,,,,
,,,,,,,,,,,,,,-0.62555885,,,-0.31777817,,,,,,,,,,,,,,,,,,,,,,,,,,,,,,,,,,,,,,0.0,,,0.0,,,,,,,,,,,,,,,,,,,,,,,
,,,,,,,,,,,,,,,,,,,,,,,,,,,,,,,-4.5801134,,,,,,,,,,,,,,,,,,,,,,,,,,,,,,,,,,,,,,,,,0.0,,,,,,,,,
,,,,,,,,,,,,,,-0.16891754,1.1146513,0.79022384,,9.143725e-05,,,,,,,,,,,,,,,,,,,,,,,,,,,,,,,,,,,,,0.0,1.0,1.0,,1.0,,,,,,,,,,,,,,,,,,,,,,
,,,,,,,,,,,,,,-1.9052415,,-3.226713,-4.1858006,,,,,,,,,,,,,,,,,,,,,,,,,,,,,,,,,,,,,,0.0,,0.0,0.0,,,,,,,,,,,,,,,,,,,,,,,
,,-5.634763,-5.0060534,-5.59383,,-5.122675,,,,-5.702748,-5.4248967,-5.275456,-7.0710464,-6.7307343,-4.5428915,-5.3368626,-4.6588545,-4.9857416,-6.1656547,-5.678387,-5.7637935,-5.7549405,-6.30708,-5.879809,-5.6272264,,-5.11592,-5.0052514,-5.2373285,-5.853071,-3.8888235,,-6.3832617,,-6.462748,,-3.963811,-4.8684573,-5.7429633,-5.1740966,,,0.0,0.0,0.0,,0.0,,,,0.0,0.0,0.0,0.0,0.0,0.0,0.0,0.0,0.0,0.0,0.0,0.0,0.0,0.0,0.0,0.0,,0.0,0.0,0.0,0.0,0.0,,0.0,,0.0,,0.0,0.0,0.0,0.0
,,,,,,,,,,,,,,-4.5443735,-3.4144542,-3.4192152,-3.377514,-5.5878406,,,,,,,,,,,,,,,,,,,,,,,,,,,,,,,,,,,,,0.0,0.0,0.0,0.0,0.0,,,,,,,,,,,,,,,,,,,,,,
,,,,,,,,,,,,,,-0.9735659,1.6879355,1.1238956,-2.842369,1.3082044,,,,,,,,,,,,,,,,,,,,,,,,,,,,,,,,,,,,,1.0,1.0,1.0,0.0,1.0,,,,,,,,,,,,,,,,,,,,,,
,,1.2973915,0.056742452,-2.0968702,,-3.1177964,,,,-1.741643,-1.1984266,-1.6806259,-3.0816376,-4.420604,-1.6627878,-2.5344837,-1.1568022,-2.442301,-1.5306273,0.041899346,-1.6464989,-2.6690192,-1.5387001,-2.2788973,-1.7089906,,0.41132703,0.47390494,1.1507086,-2.4221654,1.2580643,,-2.5868273,,-2.8474326,,-2.731656,-1.510184,-2.838866,-2.2434976,,,1.0,0.0,0.0,,0.0,,,,0.0,0.0,0.0,0.0,0.0,0.0,0.0,0.0,0.0,0.0,0.0,0.0,0.0,0.0,0.0,0.0,,0.0,0.0,0.0,0.0,0.0,,0.0,,0.0,,0.0,0.0,0.0,0.0
,,,,,,,,,,,,,,1.7932003,4.2127905,3.822786,,-0.75949776,,,,,,,,,,,,,,,,,,,,,,,,,,,,,,,,,,,,,1.0,1.0,1.0,,1.0,,,,,,,,,,,,,,,,,,,,,,
,,,,,,,,,,,,,,-2.3008156,-3.3115184,-3.3376534,-4.492686,-3.3533013,,,,,,,,,,,,,,,,,,,,,,,,,,,,,,,,,,,,,0.0,0.0,0.0,0.0,0.0,,,,,,,,,,,,,,,,,,,,,,
,,,,,,,,,,,,,,-1.7640643,-2.1963499,-3.61952,-1.5952868,-4.2557163,,,,,,,,,,,,,,,,,,,,,,,,,,,,,,,,,,,,,0.0,0.0,0.0,0.0,0.0,,,,,,,,,,,,,,,,,,,,,,
,,,,,,,,,,,,,,0.5210211,0.04875379,-0.23378828,,-0.29231045,,,,,,,,,,,,,,,,,,,,,,,,,,,,,,,,,,,,,1.0,1.0,1.0,,0.0,,,,,,,,,,,,,,,,,,,,,,
,,,,,,,,,,,,,,-1.2583065,0.19507344,-0.8011844,-3.2014089,-1.7130945,,,,,,,,,,,,,,,,,,,,,,,,,,,,,,,,,,,,,0.0,0.0,1.0,0.0,0.0,,,,,,,,,,,,,,,,,,,,,,
,,,,,-1.103301,-0.21440506,-1.3000622,,,,,,,,,,,,,,,,,,,,,,,,,,,,,,,,,,,,,,,0.0,0.0,0.0,,,,,,,,,,,,,,,,,,,,,,,,,,,,,,,,,
,,,,,,,,,,,,,,-1.2416844,-0.5264967,,-3.0562997,-1.7827595,,,,,,,,,,,,,,,,,,,,,,,,,,,,,,,,,,,,,0.0,0.0,,0.0,0.0,,,,,,,,,,,,,,,,,,,,,,
,,,,,,,,,,,,,,-0.9407944,,,-1.7809154,-0.46790314,,,,,,,,,,,,,,,,,,,,,,,,,,,,,,,,,,,,,1.0,,,1.0,1.0,,,,,,,,,,,,,,,,,,,,,,
,,,,,,,,,,,,,,1.1694418,0.4237865,-1.51606,-2.629399,-0.34843126,,,,,,,,,,,,,,,,,,,,,,,,,,,,,,,,,,,,,1.0,1.0,1.0,1.0,1.0,,,,,,,,,,,,,,,,,,,,,,
,,,,,,,,,,,,,,-3.1699533,-0.81736493,,-2.7138472,,,,,,,,,,,,,,,,,,,,,,,,,,,,,,,,,,,,,,1.0,1.0,,0.0,,,,,,,,,,,,,,,,,,,,,,,
,,,,,,,,,,,,,,,,,,,,,,,,,,,,-0.8318395,,,,,,,,,,-0.91133046,,,,,,,,,,,,,,,,,,,,,,,,,,,,,,,0.0,,,,,,,,,,1.0,,
,,,,,,,,,,,,,,,,,,,,,,,,,,,,,,,-1.6668458,,,,,,,,,,,,,,,,,,,,,,,,,,,,,,,,,,,,,,,,,1.0,,,,,,,,,
,,,,,,,,,,,,,,,1.0897931,-0.34055078,-2.4490118,-0.2910659,,,,,,,,,,,,,,,,,,,,,,,,,,,,,,,,,,,,,,1.0,1.0,0.0,1.0,,,,,,,,,,,,,,,,,,,,,,
,,,,,,,,,,,,,,,,,,,,,,,,,,,,,,,,4.6617208,,,,,,,,,,,,,,,,,,,,,,,,,,,,,,,,,,,,,,,,,1.0,,,,,,,,
,,,,,,,,,,,,,,,,,-2.726808,-4.549592,,,,,,,,,,,,,,,,,,,,,,,,,,,,,,,,,,,,,,,,1.0,0.0,,,,,,,,,,,,,,,,,,,,,,
,,,,,,,,,,,,,,,,,,,,,,,,,,,,,,,,1.1068244,-0.56008035,,,,,,,,,,,,,,,,,,,,,,,,,,,,,,,,,,,,,,,,1.0,1.0,,,,,,,
,,,,,,-0.4347638,0.75985044,,,,,,,,,,,,,,,,,,,,,,,,,,,,,,,,,,,,,,,,1.0,1.0,,,,,,,,,,,,,,,,,,,,,,,,,,,,,,,,,
,,,,,,,1.7895739,,,,,,,,,,,,,,,,,,,,,,,,,,,,,,,,,,,,,,,,,1.0,,,,,,,,,,,,,,,,,,,,,,,,,,,,,,,,,
,,,,,,1.1025614,,,,,,,,,,,,,,,,,,,,,,,,,,,,,,,,,,,,,,,,,1.0,,,,,,,,,,,,,,,,,,,,,,,,,,,,,,,,,,
,,,,,,,,,,,,,,0.34610415,0.4161206,0.61735314,-0.13189253,,,,,,,,,,,,,,,,,,,,,,,,,,,,,,,,,,,,,,0.0,0.0,1.0,0.0,,,,,,,,,,,,,,,,,,,,,,,
,,,,,,,,,,,,,,,,,,,,,,,,,,,,,,,,,,0.74516404,,,,,,,,,,,,,,,,,,,,,,,,,,,,,,,,,,,,,,,,,0.0,,,,,,
,,,,,,,,,,,,,,-0.49648994,-0.42522493,-0.39200488,-0.31100243,-1.3378385,,,,,,,,,,,,,,,,,,,,,,,,,,,,,,,,,,,,,1.0,1.0,0.0,1.0,1.0,,,,,,,,,,,,,,,,,,,,,,
,,,,,,,,,,,,,2.3467674,,,,,,,,,,,,,,,,,,,,,,,,,,,,,,,,,,,,,,,,,1.0,,,,,,,,,,,,,,,,,,,,,,,,,,,
,,,,,,,,,,,,,,0.4906525,0.6383143,,,,,,,,,,,,,,,,,,,,,,,,,,,,,,,,,,,,,,,,0.0,1.0,,,,,,,,,,,,,,,,,,,,,,,,,
,,,,,,,,,,,,,,-3.1708767,-4.3802276,-4.5107956,-5.111172,-5.305662,,,,,,,,,,,,,,,,,,,,,,,,,,,,,,,,,,,,,0.0,0.0,0.0,0.0,0.0,,,,,,,,,,,,,,,,,,,,,,
,,,,,,-3.2273083,-0.10782279,,,,,,,,,,,,,,,,,,,,,,,,,,,,,,,,,,,,,,,,0.0,0.0,,,,,,,,,,,,,,,,,,,,,,,,,,,,,,,,,
,,,,,,,,0.34294975,,,,,,,,,,,,,,,,,,,,,,,,,,,,,,,,,,,,,,,,,1.0,,,,,,,,,,,,,,,,,,,,,,,,,,,,,,,,
,,,,,,,,,,,,,,,,,,,,,,,,,,,,,,,,,,,,,-0.43447167,,,,,,,,,,,,,,,,,,,,,,,,,,,,,,,,,,,,,,,,,0.0,,,
,,,,,,,,,,,,,,,,,,,,,,,-2.450874,,,,,,,,,,,,,,,,,,,,,,,,,,,,,,,,,,,,,,,,,1.0,,,,,,,,,,,,,,,,,
,,-2.7632797,-2.126131,-2.1307833,,-3.597607,,,,-1.7832623,-2.4283495,-2.6050832,-2.0048854,-2.011465,-0.6587134,-1.7395505,-3.570785,-3.8433757,-3.1071262,-2.9756267,-3.910943,-2.9303615,-2.0842912,-2.3716178,-3.3909569,,-1.4352611,-2.0843287,-2.199344,-3.046664,-3.0903163,,-3.1283514,,-3.6646376,,-1.3394074,-3.481185,-2.69071,-3.7587833,,,0.0,0.0,0.0,,0.0,,,,0.0,0.0,0.0,0.0,0.0,0.0,0.0,0.0,0.0,0.0,0.0,0.0,0.0,0.0,0.0,0.0,,0.0,0.0,0.0,0.0,0.0,,0.0,,0.0,,0.0,0.0,0.0,0.0
,-0.9254682,,,,,,,,,,,,,,1.9929156,,,,,,,,,,,,,,,,,3.5691996,,,,,,,,,,1.0,,,,,,,,,,,,,,0.0,,,,,,,,,,,,,,,,,1.0,,,,,,,,
,,,,,,,,,,,,,,0.086363696,-0.6883472,0.63246155,-0.5700658,0.38270143,,,,,,,,,,,,,,,,,,,,,,,,,,,,,,,,,,,,,1.0,1.0,1.0,1.0,1.0,,,,,,,,,,,,,,,,,,,,,,
,,,,,,,,2.172911,,,,,,,,,,,,,,,,,,,,,,,,,,,,,,,,,,,,,,,,,1.0,,,,,,,,,,,,,,,,,,,,,,,,,,,,,,,,
,,,,,,,,,,-2.1887252,,,,,,,,,,,,,,,,,,,,,,,,,,,,,,,,,,,,,,,,,0.0,,,,,,,,,,,,,,,,,,,,,,,,,,,,,,
,,,,,,,,,0.563348,,,,,,,,,,,,,,,,,,,,,,,0.91994756,,,,,,,,,,,,,,,,,,1.0,,,,,,,,,,,,,,,,,,,,,,,1.0,,,,,,,,
,,,,,,,,,1.7346537,,,,,,,,,,,,,,,,,,,,,,,,,,,,,,,,,,,,,,,,,0.0,,,,,,,,,,,,,,,,,,,,,,,,,,,,,,,
,,,,,,,,,,,,,,1.88135,,,-3.2898955,-0.5875104,,,,,,,,,,,,,,,,,,,,,,,,,,,,,,,,,,,,,0.0,,,0.0,1.0,,,,,,,,,,,,,,,,,,,,,,
,,,,,,,,,,,,,,-1.579071,-2.7168882,-2.6474237,-4.828883,,,,,,,,,,,,,,,,,,,,,,,,,,,,,,,,,,,,,,1.0,1.0,1.0,0.0,,,,,,,,,,,,,,,,,,,,,,,
,,,,,,,,,,,,,,,,1.1509995,,,,,,,,,,,,,,,,,,,,-1.2794334,,,,,,,,,,,,,,,,,,,,,0.0,,,,,,,,,,,,,,,,,,,,0.0,,,,
,,,,,,,,,,,,,,,,,,,,,,,,,,,,,,,,,,,,,-2.3527372,,,,,,,,,,,,,,,,,,,,,,,,,,,,,,,,,,,,,,,,,1.0,,,
0.5638347,,,,,,,,,,,,,,,,,,,,,,,,,,,,,,,,,,,,,,,,,0.0,,,,,,,,,,,,,,,,,,,,,,,,,,,,,,,,,,,,,,,,
,,,,,,,,,,,,,,3.473774,,1.9164796,-1.0229486,,,,,,,,,,,,,,,,,,,,,,,,,,,,,,,,,,,,,,0.0,,0.0,0.0,,,,,,,,,,,,,,,,,,,,,,,
,,,,,,,,-0.22430527,,,,,,,,,,,,,,,,,,,,,,,,,,,,,,,,,,,,,,,,,1.0,,,,,,,,,,,,,,,,,,,,,,,,,,,,,,,,
,,,,,,,,,,,,,,-1.1017853,1.5362011,0.6967854,2.7168667,0.2609202,,,,,,,,,,,,,,,,,,,,,,,,,,,,,,,,,,,,,0.0,1.0,0.0,0.0,1.0,,,,,,,,,,,,,,,,,,,,,,
,,,,,,,,,,,,,,,,,,,,,,,,,,,,-1.4729654,,,,,,,,,,,,,,,,,,,,,,,,,,,,,,,,,,,,,,,,,0.0,,,,,,,,,,,,
,,-4.2456684,-4.497163,-4.321417,,-2.495831,,,,-3.9267843,-3.8288507,-3.9330642,-3.8194835,1.0301769,-3.262843,-0.64737916,-3.058845,-0.97866064,-3.3680046,-2.8527563,-3.7306519,-4.3013124,-2.926992,-4.09968,-3.7279415,,-3.006668,-3.2376997,-3.0954902,-3.7422857,-3.4258509,,-3.9532557,,-4.1583867,,-3.4513671,-3.1809683,-3.1391459,-3.6938467,,,0.0,0.0,0.0,,0.0,,,,0.0,0.0,0.0,0.0,0.0,0.0,0.0,0.0,0.0,0.0,0.0,0.0,0.0,0.0,0.0,0.0,,0.0,0.0,0.0,0.0,0.0,,0.0,,0.0,,0.0,0.0,0.0,0.0
,,,,,,,,,0.71886086,,,,,2.813256,0.2363668,-0.23721804,-3.420196,-0.6454831,,,,,,,,,,,,,,,-2.1681519,,,,,,,,,,,,,,,,,0.0,,,,,1.0,0.0,0.0,1.0,1.0,,,,,,,,,,,,,,,0.0,,,,,,,
,,,,,,,,,,,,,,-1.4399984,-1.2571678,-3.090463,-2.507403,-2.018798,,,,,,,,,,,,,,,,,,,,,,,,,,,,,,,,,,,,,0.0,0.0,0.0,0.0,0.0,,,,,,,,,,,,,,,,,,,,,,
,,,,,,,,,,,,,,-0.10051849,-1.4942898,-1.4223198,-2.3457603,-2.7797964,,,,,,,,,,,,,,,,,,,,,,,,,,,,,,,,,,,,,0.0,0.0,0.0,1.0,1.0,,,,,,,,,,,,,,,,,,,,,,
0.62190026,,,,,,,,,,,,,,,,,-0.76348203,,,,,,,,,,,,,,,,,,,,,,,,1.0,,,,,,,,,,,,,,,,,0.0,,,,,,,,,,,,,,,,,,,,,,,
,0.42284822,,,,,,,,,,,,,,,,,,,,,,,,,,,,,,,,,,,,,,,,,0.0,,,,,,,,,,,,,,,,,,,,,,,,,,,,,,,,,,,,,,,
,,-3.0170534,-3.1487052,-3.9639504,,-2.8073983,,,,-3.5551076,-3.213965,-3.1352003,-3.3923075,-2.2236357,-3.0177572,-3.6136553,-3.2520945,-4.137048,-3.1253517,-3.0332165,-3.4447415,-3.613881,-3.13193,-4.3125567,-2.7128303,,-2.668489,-3.0366733,-3.2951803,-3.2717342,-3.7492962,,-4.0791473,,-4.511559,,-2.5569384,-3.1684642,-2.3283212,-2.9394126,,,0.0,0.0,0.0,,0.0,,,,0.0,0.0,0.0,0.0,0.0,0.0,0.0,0.0,0.0,0.0,0.0,0.0,0.0,0.0,0.0,0.0,,0.0,0.0,0.0,0.0,0.0,,0.0,,0.0,,0.0,0.0,0.0,0.0
,,,,,,,,,,,,,,,,,,,,,,,-1.8681898,,,,,,,,,,,,,,,,,,,,,,,,,,,,,,,,,,,,,,,,,1.0,,,,,,,,,,,,,,,,,
,,,,,,,,,,,,,,,,,,,,,,,,,,,,,,,,,,,,-0.43623546,,,,,,,,,,,,,,,,,,,,,,,,,,,,,,,,,,,,,,,,,1.0,,,,
,,,,,,,,,,,,,,-2.2513309,0.40104705,-2.5325935,-3.332791,-4.296223,,,,,,,,,,,,,,,,,,,,,,,,,,,,,,,,,,,,,0.0,0.0,0.0,0.0,0.0,,,,,,,,,,,,,,,,,,,,,,
,,,,,,,,,,,,,,,,,,,,,,,,,,,,,,,,,-2.3550894,,,,,,,,,,,,,,,,,,,,,,,,,,,,,,,,,,,,,,,,,0.0,,,,,,,
,,,,,,,,,,,,,,0.6349978,,,,,,,,,,,,,,,,,,,,,,,,,,,,,,,,,,,,,,,,,0.0,,,,,,,,,,,,,,,,,,,,,,,,,,
,,,,,,,,,,,,,,,,,,,,,,,,,,,,-0.7973307,,,,,,,,,,,,,,,,,,,,,,,,,,,,,,,,,,,,,,,,,1.0,,,,,,,,,,,,
,,,,,,,,,,,,,,0.102519125,-0.60427505,,-1.816076,-0.40444726,,,,,,,,,,,,,,,,,,,,,,,,,,,,,,,,,,,,,1.0,1.0,,1.0,0.0,,,,,,,,,,,,,,,,,,,,,,
,,,,,,,,,,,,,,,,,,,-1.9025344,,0.5231419,,,,,0.23845035,,,,,,,,,,,,,,,,,,,,,,,,,,,,,,,,,,0.0,,1.0,,,,,1.0,,,,,,,,,,,,,,
,,,,,,,,,,,,,,-1.2725165,,,-1.197991,-0.8836482,,,,,,,,,,,,,,,,,,,,,,,,,,,,,,,,,,,,,0.0,,,0.0,1.0,,,,,,,,,,,,,,,,,,,,,,
,,,,,,,,,,,,,,2.2731802,1.7020926,,-2.9452317,-2.3495903,,,,,,,,,,,,,,,,,,,,,,,,,,,,,,,,,,,,,1.0,1.0,,1.0,0.0,,,,,,,,,,,,,,,,,,,,,,
,,,,,,,,,,,,,,1.1957698,0.5432864,,,,,,,,,,,,,,,,,,,,,-0.5056443,,,,,,,,,,,,,,,,,,,1.0,1.0,,,,,,,,,,,,,,,,,,,,,0.0,,,,
,,,,,,,,,,,,,,2.4247437,,0.15483929,1.0245882,1.98596,,,,,,,,,,,,,,,,,,,,,,,,,,,,,,,,,,,,,1.0,,0.0,1.0,1.0,,,,,,,,,,,,,,,,,,,,,,
,,-2.799339,-2.7405918,-4.4324436,,-2.9995615,,,,-2.1841307,-2.1469102,-2.239926,-4.160611,-2.141727,-3.145159,-3.6907551,-2.555308,-5.2593846,-2.886266,-2.2551277,-3.436518,-4.120619,-3.5984502,-3.6112633,-2.8140562,,-1.3009913,-3.7263231,-2.473341,-3.260079,-2.9158263,,-3.8812127,,-4.050471,,-4.268937,-2.1546876,-2.8927758,-2.15138,,,0.0,0.0,0.0,,0.0,,,,0.0,0.0,0.0,0.0,0.0,0.0,0.0,0.0,0.0,0.0,0.0,0.0,0.0,0.0,0.0,0.0,,0.0,0.0,0.0,0.0,0.0,,0.0,,0.0,,0.0,0.0,0.0,0.0
,,-2.0887809,-2.3621857,-3.5751338,,-3.694882,,,,-3.0498562,-1.9610444,-2.5171034,-4.6770687,-5.109922,-3.5685298,-4.2996516,-4.7193108,-5.061304,-2.2746508,-2.247739,-4.09221,-4.1413884,-2.7713425,-3.7472997,-3.3156576,,-1.7734369,-2.5115302,-2.5563622,-4.085865,-2.2580056,,-3.6745977,,-4.0730124,,-4.5039864,-2.656643,-3.944052,-4.0233574,,,0.0,0.0,0.0,,0.0,,,,0.0,0.0,0.0,0.0,0.0,0.0,0.0,0.0,0.0,0.0,0.0,0.0,0.0,0.0,0.0,0.0,,0.0,0.0,0.0,0.0,0.0,,0.0,,0.0,,0.0,0.0,0.0,0.0
,1.090801,,,,,,,,,,,,,,,,,,,,,,,,,,,,,,,,,,,,,,,,,1.0,,,,,,,,,,,,,,,,,,,,,,,,,,,,,,,,,,,,,,,
,,,,,,,,,,,,,,,,,,,,,,,-1.5708904,,,,,,,,,,,,,,,,,,,,,,,,,,,,,,,,,,,,,,,,,1.0,,,,,,,,,,,,,,,,,
,,,,,-0.20873377,-2.5791678,0.03269122,,,,,,,,,,,,,,,,,,,,,,,,,,,,,,,,,,,,,,,1.0,1.0,1.0,,,,,,,,,,,,,,,,,,,,,,,,,,,,,,,,,
,,,,,-0.84833133,-2.5215878,-0.22765039,,,,,,,,,,,,,,,,,,,,,,,,,,,,,,,,,,,,,,,0.0,1.0,0.0,,,,,,,,,,,,,,,,,,,,,,,,,,,,,,,,,
,,,,,-1.3654836,,,,,,,,,,,,,,,,,,,,,,,,,,,,,,,,,,,,,,,,,0.0,,,,,,,,,,,,,,,,,,,,,,,,,,,,,,,,,,,
,,,,,,,,,,,,,,1.5192792,2.2792785,2.546188,-2.5643985,1.4075619,,,,,,,,,,,,,,,,,,,,,,,,,,,,,,,,,,,,,1.0,1.0,1.0,0.0,1.0,,,,,,,,,,,,,,,,,,,,,,
,,,,,,,,,,,,,,-0.23146197,0.29444394,-0.33337146,-1.3467661,-0.21140718,,,,,,,,,,,,,,,,,,,,,,,,,,,,,,,,,,,,,1.0,1.0,1.0,1.0,1.0,,,,,,,,,,,,,,,,,,,,,,
,,,,,,,,,,,,,,0.28461182,1.2801132,-0.20666766,-3.4298294,,,,,,,,,,,,,,,,,,,,-2.6775763,,,,,,,,,,,,,,,,,,1.0,0.0,0.0,0.0,,,,,,,,,,,,,,,,,,,,0.0,,,
,,,,,,,,1.297013,,,,,,,,,,,,,,,,,,,,,,,,,,,,,,,,,,,,,,,,,1.0,,,,,,,,,,,,,,,,,,,,,,,,,,,,,,,,
,0.418137,,,,,,,,,,,,,,,,,,,,,,,,,,,,,,,,,,,,,,,,,0.0,,,,,,,,,,,,,,,,,,,,,,,,,,,,,,,,,,,,,,,
,,,,,,,,,,,,,,,,,,,,,,,,,,,,,,,-1.3739846,,,,,,,,,,,,,,,,,,,,,,,,,,,,,,,,,,,,,,,,,0.0,,,,,,,,,
,,,,,,,,,,,,,,,,,,,,,,,,,,,,,,,-0.46587104,,,,,,,,,,,,,,,,,,,,,,,,,,,,,,,,,,,,,,,,,0.0,,,,,,,,,
,,,,,,,,,,-2.1969435,-1.9468545,-2.218993,,,,,,,,,,,,,,,,,,,,,,,,,,,,,,,,,,,,,,,0.0,1.0,1.0,,,,,,,,,,,,,,,,,,,,,,,,,,,,
,,,,,,,,,,,,,,-3.332056,-3.4213214,-1.6226201,-3.9070458,-2.905466,,,,,,,,,,,,,,,,,,,,,,,,,,,,,,,,,,,,,0.0,0.0,0.0,0.0,0.0,,,,,,,,,,,,,,,,,,,,,,
,,-5.542495,-5.407211,-4.970334,,-3.5780606,,,,-4.912919,-4.856799,-5.0186586,-5.4476075,-4.6950927,-3.6135747,-1.685868,-2.906817,-3.772489,-5.742105,-5.405048,-5.5990047,-6.3253684,-5.027652,-5.8871517,-5.2408957,,-5.5916743,-5.102483,-5.2795763,-5.4934707,-5.1217117,,-5.3302593,,-5.3814397,,-4.044525,-4.5380464,-4.8475595,-5.8100295,,,0.0,0.0,0.0,,0.0,,,,0.0,0.0,0.0,0.0,0.0,0.0,0.0,0.0,0.0,0.0,0.0,0.0,0.0,0.0,0.0,0.0,,0.0,0.0,0.0,0.0,0.0,,0.0,,0.0,,0.0,0.0,0.0,0.0
,,,,,,,,,,,,,,,,,,-0.30549783,,,,,,,,,,,,,-1.751389,,,,,,,,,,,,,,,,,,,,,,,,,,,,0.0,,,,,,,,,,,,,0.0,,,,,,,,,
,,,,,,,,,,,,,,,,,-1.3698698,0.73659956,,,,,,,,,,,,,,,,,,,,,,,,,,,,,,,,,,,,,,,,0.0,1.0,,,,,,,,,,,,,,,,,,,,,,
,-0.9305692,,,,,,,,,,,,,,,,,,,,,,,,,,,,,,,,,,,,,,,,,0.0,,,,,,,,,,,,,,,,,,,,,,,,,,,,,,,,,,,,,,,
,,,,,,,,,,,,,,-3.9268007,-5.405122,-6.307358,-5.706747,-6.0203342,,,,,,,,,,,,,,,,,,,,,,,,,,,,,,,,,,,,,0.0,0.0,0.0,0.0,0.0,,,,,,,,,,,,,,,,,,,,,,
,,,,,,,,,,,,,,-0.9213363,-2.090315,-2.7882378,,,,,,,,,,,-1.4053359,,-0.9852618,-0.9560061,,,,,,,,,,,,,,,,,,,,,,,,,1.0,0.0,0.0,,,,,,,,,,,1.0,,1.0,1.0,,,,,,,,,,
,,,,,,,,,,,,,,,-0.34944797,,,,,,,,,,,,,,,,,,,,,,,,,,,,,,,,,,,,,,,,,1.0,,,,,,,,,,,,,,,,,,,,,,,,,
,,-2.3454466,-3.3282535,-2.4445293,,-2.606881,,,,-3.359764,-2.7720814,-3.181977,-3.205625,-1.320056,-1.4296013,-3.17324,-3.5870929,-1.9703244,-2.621347,-2.439344,-2.909805,-3.5236995,-0.69754183,-2.895691,-2.422927,,-3.3146477,-1.9847884,-2.5097227,-2.111159,-2.440209,,-2.4801803,,-2.9678707,,-0.6864117,-1.9131749,-3.0873055,-2.5262616,,,0.0,0.0,0.0,,0.0,,,,0.0,0.0,0.0,0.0,0.0,0.0,0.0,0.0,0.0,0.0,0.0,0.0,0.0,0.0,0.0,0.0,,0.0,0.0,0.0,0.0,0.0,,0.0,,0.0,,0.0,0.0,0.0,0.0
,,,,,,,,,,,,,,,,,,,,,,,,,,,,,,,,,,0.33169255,,,,,,,,,,,,,,,,,,,,,,,,,,,,,,,,,,,,,,,,,0.0,,,,,,
,,,,,,,,,,,,,,-0.8350407,-1.8710212,-2.6446254,-1.9432763,-1.5017645,,,,,,,,0.31615207,-1.8718177,,-1.1342752,-1.1261115,,,,,,,,,,,,,,,,,,,,,,,,,1.0,0.0,0.0,0.0,0.0,,,,,,,,1.0,1.0,,1.0,1.0,,,,,,,,,,
,,-4.610142,-4.373728,0.5803032,,-4.617171,,,,-4.5223584,-4.2767286,-4.267895,-4.9791503,-3.2546167,-3.97242,-5.708497,-3.2594438,-4.886742,-4.5289063,-4.7108064,-4.5666847,-5.822331,-3.9380329,-4.722718,-4.493966,-1.9872124,-3.6906621,-2.2782085,-4.9545007,-4.2371783,-4.4746885,,-5.139352,,-5.708081,,-3.9770844,-3.4119127,-3.768974,-4.248169,,,0.0,0.0,1.0,,0.0,,,,0.0,0.0,0.0,0.0,0.0,0.0,0.0,0.0,0.0,0.0,0.0,0.0,0.0,0.0,0.0,0.0,1.0,0.0,0.0,0.0,0.0,0.0,,0.0,,0.0,,0.0,0.0,0.0,0.0
,,-0.6406338,-1.1929442,-1.5241041,,-2.200601,,,,-1.5328393,-1.0216397,-1.3096426,-1.958598,-1.5588136,-0.7370462,-0.69513386,0.2643382,-1.320767,-2.1733105,-0.6623068,-1.7448541,-2.6971369,-0.6257102,-1.426391,-0.607522,0.71520585,-1.2367543,-0.89315206,0.44150662,0.5997041,-0.9921348,,-1.5986737,,-2.3666534,,-1.6430789,-1.179981,-1.1187214,0.119785085,,,0.0,0.0,0.0,,0.0,,,,0.0,0.0,0.0,0.0,0.0,0.0,0.0,0.0,0.0,0.0,0.0,0.0,0.0,0.0,0.0,0.0,0.0,0.0,0.0,0.0,0.0,0.0,,0.0,,0.0,,0.0,0.0,0.0,0.0
,,,,,,,,,,,,,,,-1.4420956,-2.4354851,,,,,,,,,,,,,,,,,,,,,,,,,,,,,,,,,,,,,,,,0.0,0.0,,,,,,,,,,,,,,,,,,,,,,,,
,,,,,,,,,,,,,,-2.0142562,-1.6630756,-2.7838883,-0.8301853,,,,,,,,,,,,,,,,,,,,,,,,,,,,,,,,,,,,,,0.0,0.0,0.0,1.0,,,,,,,,,,,,,,,,,,,,,,,
,,,,,,,,,,,,,,-0.55891913,-1.6974468,-1.6941864,-0.36524245,-1.6614665,-2.0664613,-1.0690707,,,,,,0.389408,-1.1611592,-0.8584719,-0.35300958,-0.5169561,,,,,,,,,,,,,,,,,,,,,,,,,1.0,0.0,0.0,0.0,0.0,1.0,0.0,,,,,,0.0,0.0,1.0,0.0,1.0,,,,,,,,,,
,,,,,,,,,,,,,,0.44789857,3.0573645,-0.32048586,-4.1149926,1.4062499,,,,,,,,,,,,,,,,,,,,,,,,,,,,,,,,,,,,,0.0,1.0,1.0,0.0,1.0,,,,,,,,,,,,,,,,,,,,,,
-0.5000461,,-4.053554,-3.8789423,2.1338065,,-4.997505,,,,-4.1224685,-4.2424035,-4.555104,-4.567091,-0.2620809,-2.9086826,-3.8875265,-3.5384452,-2.3233883,-4.4751444,-4.9314413,-4.64472,-4.611097,-3.9196594,-3.9414992,-4.0069594,,-2.777775,-0.41718748,-4.712325,-4.1576424,-4.006114,,-3.8528476,,-5.0805554,,-4.29485,-3.4053087,-3.7617972,-3.3334103,1.0,,1.0,1.0,1.0,,0.0,,,,0.0,0.0,0.0,0.0,0.0,0.0,0.0,0.0,0.0,1.0,0.0,0.0,0.0,0.0,0.0,0.0,,0.0,1.0,1.0,0.0,0.0,,0.0,,0.0,,0.0,0.0,0.0,1.0
,,-2.6525242,-3.0965245,-2.5198703,,-3.3293357,,,,-2.6506557,-2.9554849,-2.8051841,-2.9444149,-1.4481907,-1.187392,-1.1607878,-3.2822697,-2.23215,-3.501303,-3.098847,-3.330422,-3.1336749,-2.8053868,-2.4536705,-2.9251003,,-2.8441105,-3.0179355,-2.6936197,-2.7951734,-2.4118161,,-2.6990743,,-3.9288936,,-2.3163257,-2.948648,-2.9339192,-3.2939153,,,0.0,0.0,0.0,,0.0,,,,0.0,0.0,0.0,0.0,0.0,0.0,0.0,0.0,0.0,0.0,0.0,0.0,0.0,0.0,0.0,0.0,,0.0,0.0,0.0,0.0,0.0,,0.0,,0.0,,0.0,0.0,0.0,0.0
,,,,,,,,,,,,,,,,,,,,,,,,,,,,,,,,-0.34063226,,,,,,,,,,,,,,,,,,,,,,,,,,,,,,,,,,,,,,,,,1.0,,,,,,,,
,,,,,,,,,,,,,,,,,,,,,,,,,,,,,,,,-0.13720906,,,,,,,,,,,,,,,,,,,,,,,,,,,,,,,,,,,,,,,,,1.0,,,,,,,,
,,,,,,,,,-0.5899704,,,,,,,,,,,,,,,,,,,,,,,,,,,,,,,,,,,,,,,,,1.0,,,,,,,,,,,,,,,,,,,,,,,,,,,,,,,
,,,,,,,,,,,,,,0.123843774,-0.27518028,-0.6565303,-1.230405,1.4601394,,,,,,,,,,,,,,,,,,,,,,,,,,,,,,,,,,,,,1.0,1.0,1.0,1.0,1.0,,,,,,,,,,,,,,,,,,,,,,
,,,,,,,,,,,,,,-0.8230733,-0.5720586,-0.8352166,-1.0607606,0.059591327,,,,,,,,,,,,,,,,,,,,,,,,,,,,,,,,,,,,,1.0,1.0,1.0,1.0,1.0,,,,,,,,,,,,,,,,,,,,,,
,,,,,,,,,,,,,,,-2.333817,-2.6527889,-3.4350843,-1.8793792,,,,,,,,,,,,,,,,,,,,,,,,,,,,,,,,,,,,,,0.0,0.0,0.0,0.0,,,,,,,,,,,,,,,,,,,,,,
,,,,,,,,,,,,,,,,,-0.3255225,,,,,,,,,,,,,,,,,,,,,,,,,,,,,,,,,,,,,,,,,0.0,,,,,,,,,,,,,,,,,,,,,,,
,,,,,,,,1.8359041,,,,,,,,,,,,,,,,,,,,,,,,,,,,,,,,,,,,,,,,,1.0,,,,,,,,,,,,,,,,,,,,,,,,,,,,,,,,
,,,,,,,,,,,,,,,,,,,,,,,,,,,,,,,,,,,,-0.72974473,,,,,,,,,,,,,,,,,,,,,,,,,,,,,,,,,,,,,,,,,0.0,,,,
,,,,,,,,,,,,,,-2.574679,-1.1010083,-0.8031084,-1.9867333,,,,,,,,,,,,,,,,,,,,,,,,,,,,,,,,,,,,,,0.0,1.0,1.0,1.0,,,,,,,,,,,,,,,,,,,,,,,
,,,,,,,,,,,,,,2.373877,0.25699145,,-1.2763846,,,,,,,,,,,,,,,,,,,,,,,,,,,,,,,,,,,,,,1.0,1.0,,0.0,,,,,,,,,,,,,,,,,,,,,,,
,,,,,,,,,,,,,,-0.2602139,1.7918769,1.5055162,0.37518954,0.052127782,,,,,,,,,,,,,,,,,,,,,,,,,,,,,,,,,,,,,1.0,1.0,0.0,1.0,1.0,,,,,,,,,,,,,,,,,,,,,,
,,,,,,,,,,,,,,-0.26432896,,,-1.4310584,,,,,,,,,,,,,,,,,,,,,,,,,,,,,,,,,,,,,,0.0,,,0.0,,,,,,,,,,,,,,,,,,,,,,,
,,,,,,,,,,,,,,-4.1868215,-3.9830031,-4.4185166,-4.217282,,,,,,,,,,,,,,,,,,,,,,,,,,,,,,,,,,,,,,0.0,0.0,0.0,0.0,,,,,,,,,,,,,,,,,,,,,,,
,,,,,,,,,,,,,,-0.6128268,2.835373,0.24175829,0.4193714,0.89156765,,,,,,,,,,,,,,,,,,,,,,,,,,,,,,,,,,,,,0.0,1.0,1.0,0.0,1.0,,,,,,,,,,,,,,,,,,,,,,
,,,,,,,,,,,,,,-1.3803033,-2.8392823,-2.1097548,-3.8485727,-0.9891568,,,,,,,,,,,,,,,,,,,,,,,,,,,,,,,,,,,,,0.0,0.0,0.0,0.0,0.0,,,,,,,,,,,,,,,,,,,,,,
,,,,,,,,,,,,,,,,0.5029316,,,,,,,,,,,,,,,,,,,,,,,,,,,,,,,,,,,,,,,,,0.0,,,,,,,,,,,,,,,,,,,,,,,,
,,,,,,,,,,,,,,-0.49801683,,-2.2150207,-2.3270297,-2.1169796,,,,,,,,,,,,,,,,-0.7237484,,,,,,,,,,,,,,,,,,,,,1.0,,1.0,0.0,0.0,,,,,,,,,,,,,,,,0.0,,,,,,
,,,,,,,,,,,,,,,,,,,,,,,,,,,,,,,,,,,,0.8384616,,,,,,,,,,,,,,,,,,,,,,,,,,,,,,,,,,,,,,,,,0.0,,,,
,,,,,,,,,,,,,,-0.6404281,0.32650304,0.20215048,-0.28246638,-0.9537738,,,,,,,,,,,,,,,,,,,,,,,,,,,,,,,,,,,,,1.0,1.0,1.0,1.0,1.0,,,,,,,,,,,,,,,,,,,,,,
,,,,,,,,,,,,,,0.8587685,,-0.40335286,-2.322886,-0.6489564,,,,,,,,,,,,,,,,,,,,,,,,,,,,,,,,,,,,,1.0,,1.0,0.0,1.0,,,,,,,,,,,,,,,,,,,,,,
,,-5.8105025,-6.160413,-5.8594904,,-5.032262,,,,-6.426515,-5.0875735,-5.964285,-6.585819,-3.6642404,-4.9001865,-5.00706,-6.790422,-6.068843,-5.194482,-5.4097857,-5.888479,-6.1205897,-5.175328,-5.4779053,-7.1351733,,-5.012472,-5.316339,-4.931691,-5.5871086,-5.3541536,,-6.194331,,-6.5251203,,-3.879142,-5.735501,-5.9247003,-4.950451,,,0.0,0.0,0.0,,0.0,,,,0.0,0.0,0.0,0.0,0.0,0.0,0.0,0.0,0.0,0.0,0.0,0.0,0.0,0.0,0.0,0.0,,0.0,0.0,0.0,0.0,0.0,,0.0,,0.0,,0.0,0.0,0.0,0.0
,,,,,,,,,,,,,,1.6516169,1.698183,1.5306762,,1.0825051,,,,,,,,,,,,,,,,,,,,,,,,,,,,,,,,,,,,,1.0,1.0,1.0,,1.0,,,,,,,,,,,,,,,,,,,,,,
,,,,,,,,,,,,,,0.8592428,4.5879593,3.069782,-2.0211058,-0.08078766,,,,,,,,,,,,,,,,,,,,,,,,,,,,,,,,,,,,,1.0,1.0,1.0,0.0,1.0,,,,,,,,,,,,,,,,,,,,,,
,,,,,,,,,0.47620776,,,,,,,,,,,,,,,,,,,,,,,,,,,,,,,,,,,,,,,,,1.0,,,,,,,,,,,,,,,,,,,,,,,,,,,,,,,
,,,,,,,,,,,,,,,2.2567365,,-4.3201847,1.696923,,,,,,,,,,,,,,,,,,,,,,,,,,,,,,,,,,,,,,1.0,,0.0,1.0,,,,,,,,,,,,,,,,,,,,,,
,,,,,,,,,,,,,,,0.7827559,0.031710718,-2.3129306,1.553439,,,,,,,,,,,,,,,,,,,,,,,,,,,,,,,,,,,,,,1.0,1.0,1.0,1.0,,,,,,,,,,,,,,,,,,,,,,
,,,,,,,,,,,,,,-0.8744547,-1.3727993,-1.0176586,,,,,,,,,,,,,,,,,,,,,,,,,,,,,,,,,,,,,,,1.0,1.0,1.0,,,,,,,,,,,,,,,,,,,,,,,,
,,,,,,,,,,,,,,-3.1838412,-0.77377874,-0.6037957,-2.459566,-1.1680791,,,,,,,,,,,,,,,,,,,,,,,,,,,,,,,,,,,,,0.0,1.0,0.0,0.0,0.0,,,,,,,,,,,,,,,,,,,,,,
,,,,,,,,,,,,,,-0.9282505,,0.17486626,-3.0547204,-1.8258048,,,,,,,,,,,,,,,,,,,,,,,,,,,,,,,,,,,,,0.0,,0.0,0.0,0.0,,,,,,,,,,,,,,,,,,,,,,
,,-0.1955435,-2.8297246,-1.7627392,,-3.1749396,,,,-2.9098113,-3.0182014,-3.2614868,-2.3827567,0.23267365,-0.32489792,0.64838666,1.9411907,0.96406305,0.5888419,1.1527578,-2.1807628,-2.5748718,-2.6922202,-1.2841061,-3.5377088,,-1.0642589,-0.26292163,-1.9761578,-3.125428,-0.79766405,,-2.0310836,,-3.058432,,-3.8991013,-1.2429603,-2.5583942,-3.1163733,,,0.0,0.0,0.0,,0.0,,,,0.0,0.0,0.0,0.0,0.0,0.0,0.0,0.0,0.0,0.0,0.0,0.0,0.0,0.0,0.0,0.0,,0.0,1.0,0.0,0.0,0.0,,0.0,,0.0,,0.0,1.0,0.0,0.0
,,,,,,,,,,,,,,,,,,,,,,,,,,,,,,3.1553173,,,,,,,,,,,,,,,,,,,,,,,,,,,,,,,,,,,,,,,,,1.0,,,,,,,,,,
,,,,,,,,,,,,,,,,,,,,,,,,1.3574814,,,,,,,,2.6209152,,,,,,,,,,,,,,,,,,,,,,,,,,,,,,,,,1.0,,,,,,,,0.0,,,,,,,,
,,,,,,,,,,,,,,-2.8759649,-1.6983212,-2.251493,,-2.5447035,,,,,,,,,,,,,,,,,,,,,,,,,,,,,,,,,,,,,1.0,1.0,1.0,,1.0,,,,,,,,,,,,,,,,,,,,,,
,,,,,,,,,,,,,,-2.533798,-2.6534817,,-1.4956267,-2.3898826,,,,,,,,,,,,,,,,,,,,,,,,,,,,,,,,,,,,,1.0,1.0,,1.0,0.0,,,,,,,,,,,,,,,,,,,,,,
,,,,,,,,,,,,,,-1.3659874,,,,-1.9974825,,,,,,,,,,,,,,,,,,,,,,,,,,,,,,,,,,,,,1.0,,,,1.0,,,,,,,,,,,,,,,,,,,,,,
,,,,,,,,,,,,,,0.58653885,-2.8982816,-3.6071813,-2.0793881,,,,,,,,,,,,,,,,,,,,,,,,,,,,,,,,,,,,,,0.0,0.0,0.0,0.0,,,,,,,,,,,,,,,,,,,,,,,
,,,,,,,,,,,,,,-1.2733595,-0.11085727,-0.09170154,-5.209943,,,,,,,,,,,,,,,,,,,,,,,,,,,,,,,,,,,,,,0.0,0.0,0.0,0.0,,,,,,,,,,,,,,,,,,,,,,,
,,,,,,,,,,,,,,0.2593801,-0.26671955,-0.16085535,,-1.2175046,,,,,,,,,,,,,,,,,,,,,,,,,,,,,,,,,,,,,1.0,1.0,1.0,,1.0,,,,,,,,,,,,,,,,,,,,,,
,,,,,,,,,,,,,,1.7071794,0.94533527,,-1.1236134,,,,,,,,,,,,,,,,,,,,,,,,,,,,,,,,,,,,,,1.0,1.0,,0.0,,,,,,,,,,,,,,,,,,,,,,,
,,,,,,,,,,,,,,,,,,,,,,,,,,,,,,,-0.2265981,,,,,,,,,,,,,,,,,,,,,,,,,,,,,,,,,,,,,,,,,1.0,,,,,,,,,
,,,,,,,,,,,,,,,,,,-1.5457455,,,,,,,,,,,,,,,,,,,,,,,,,,,,,,,,,,,,,,,,,1.0,,,,,,,,,,,,,,,,,,,,,,
,,-4.4694147,-5.031962,-4.3372145,,-4.437303,,,,-4.771711,-4.599982,-5.41705,-5.020112,-4.7555227,-3.7079659,-3.3808806,-4.428172,-5.0499887,-4.2758946,-4.740517,-4.1749907,-4.7248836,-4.781678,-4.5473704,-5.861079,,-3.8744357,-4.6585503,-3.9975598,-5.4561644,-4.5868473,,-5.395487,,-4.777244,,-3.0169377,-4.4151473,-5.03657,-4.8750978,,,0.0,0.0,0.0,,0.0,,,,0.0,0.0,0.0,0.0,0.0,0.0,0.0,0.0,0.0,0.0,0.0,0.0,0.0,0.0,0.0,0.0,,0.0,0.0,0.0,0.0,0.0,,0.0,,0.0,,0.0,0.0,0.0,0.0
,,,,,,,,,,,,,,-0.9089119,-2.4124868,-2.5605145,-2.7934036,-3.1059875,,,,,,,,,,,,,,,,,,,,,,,,,,,,,,,,,,,,,1.0,0.0,0.0,0.0,0.0,,,,,,,,,,,,,,,,,,,,,,
,,,,,,,,,,,,,,-1.5484834,1.6250952,,-2.0546546,-0.32738435,,,,,,,,,,,,,,,,,,,,,,,,,,,,,,,,,,,,,0.0,1.0,,0.0,1.0,,,,,,,,,,,,,,,,,,,,,,
,,-3.7708945,-4.0710373,-3.9803123,,-2.5724378,,,,-3.1699505,-3.1341853,-3.8433232,-4.334209,-5.5407767,-3.5353293,-1.1706045,-3.593843,-2.5093465,-4.2684293,-3.7591105,-4.482719,-5.1158805,-2.934376,-4.705566,-3.8025033,,-3.5451472,-4.5228257,-3.2874336,-4.282816,-3.508317,,-4.216481,,-4.8060746,,-3.120022,-4.1276655,-4.3718114,-4.5725036,,,0.0,0.0,0.0,,0.0,,,,0.0,0.0,0.0,0.0,0.0,0.0,0.0,0.0,0.0,0.0,0.0,0.0,0.0,0.0,0.0,0.0,,0.0,0.0,0.0,0.0,0.0,,0.0,,0.0,,0.0,0.0,0.0,0.0
,,,,,,,,,,,,,,,,,,,,,,,-2.9710715,,,,,,,,,,,,,,,,,,,,,,,,,,,,,,,,,,,,,,,,,0.0,,,,,,,,,,,,,,,,,
,,,,,,,,,,,,,,,,,,,,,,,,,,,,,,,,,,,,-0.98305774,,,,,,,,,,,,,,,,,,,,,,,,,,,,,,,,,,,,,,,,,0.0,,,,
,,,,,,,,,,,,,,,,,,,,,,,-2.4790068,,,,,,,,,,,,,,,,,,,,,,,,,,,,,,,,,,,,,,,,,0.0,,,,,,,,,,,,,,,,,
,,,,,,,,,,,,,,,,,,,,,,,,,,,,,,,-1.8164179,,,,,,,,,,,,,,,,,,,,,,,,,,,,,,,,,,,,,,,,,0.0,,,,,,,,,
,,-2.5745552,-2.7857401,-2.8405592,,-2.9107647,,,,-3.4252193,-2.6971006,-3.5341337,-2.625797,-0.21852963,0.4496292,-0.68367237,1.0188332,-0.55360925,-2.3567367,-2.404167,-2.4677966,-3.0679324,-2.76678,-2.9221814,-2.4007483,,-2.325902,-2.4846663,-2.738435,-3.2365286,-2.821013,,-3.0077918,,-3.5193186,,-3.6218038,-2.9700022,-2.4947238,-2.9639773,,,0.0,0.0,0.0,,0.0,,,,0.0,0.0,0.0,0.0,0.0,1.0,1.0,0.0,1.0,0.0,0.0,0.0,0.0,0.0,0.0,0.0,,0.0,0.0,0.0,0.0,0.0,,0.0,,0.0,,0.0,0.0,0.0,1.0
,,,,,,,,,,,,,,,,,,,,,,,,,,,,,,,-2.0173473,,,,,,,,,,,,,,,,,,,,,,,,,,,,,,,,,,,,,,,,,0.0,,,,,,,,,
,,,,,,,,,,,,,,-0.79787916,-0.38533628,-1.6881802,-0.586246,,,,,,,,,,,,,,,,,,,,,,,,,,,,,,,,,,,,,,1.0,0.0,0.0,1.0,,,,,,,,,,,,,,,,,,,,,,,
,,,,,,,,,,,,,,-2.03196,-0.07631885,,-4.2956514,-0.12790534,,,,,,,,,,,,,,,,,,,,,,,,,,,,,,,,,,,,,1.0,1.0,,0.0,0.0,,,,,,,,,,,,,,,,,,,,,,
,,,,,,,,,,,,,,,,,,,,,,,,,,,,,,,,,,,-4.575858,,,-3.3724885,,,,,,,,,,,,,,,,,,,,,,,,,,,,,,,,,,,,,,1.0,,,0.0,,
,,,,,,,,,,,,,,-2.5497136,0.43594474,1.491251,,,,,,,,,,,,,,,,,,,,,,,,,,,,,,,,,,,,,,,1.0,1.0,1.0,,,,,,,,,,,,,,,,,,,,,,,,
,,,,,,,,,,,,,,,0.42566738,-0.696695,,-0.41286543,,,,,,,,,,,,,,,,,,,,,,,,,,,,,,,,,,,,,,1.0,1.0,,0.0,,,,,,,,,,,,,,,,,,,,,,
,,,,,,,,,,,,,,,,,,,,,,,-2.1845312,,,,,,,,,,,,,,,,,,,,,,,,,,,,,,,,,,,,,,,,,1.0,,,,,,,,,,,,,,,,,
,,,,,,,,,,,,,,,,,,-0.3376407,,,,,,,,,,,,,,,,,,,,,,,,,,,,,,,,,,,,,,,,,0.0,,,,,,,,,,,,,,,,,,,,,,
,,,,,,,,,,,,,,-0.86833644,1.1350614,0.36118728,-1.4349818,-0.81522864,,,,,,,,,,,,,,,,,,,,,,,,,,,,,,,,,,,,,1.0,1.0,1.0,1.0,1.0,,,,,,,,,,,,,,,,,,,,,,
,,,,,,,,,,,,,,,-0.6242279,-1.5195845,,-0.93833274,,,,,,,,,,,,,,,,,,,,,,,,,,,,,,,,,,,,,,1.0,1.0,,1.0,,,,,,,,,,,,,,,,,,,,,,
,,,,,,,,,,,,,,,,,,,-0.84830594,-1.1670784,-1.581124,,,,,0.48787367,-0.46575907,,0.5168915,-1.7519047,,,,,,,,,,,,,,,,,,,,,,,,,,,,,,0.0,0.0,1.0,,,,,0.0,0.0,,0.0,1.0,,,,,,,,,,
,,,,,,,,-0.077573374,,,,,,,,,,,,,,,,,,,,,,,,,,,,,,,,,,,,,,,,,1.0,,,,,,,,,,,,,,,,,,,,,,,,,,,,,,,,
,,,,,,,,-0.006646256,,,,,,,,,,,,,,,,,,,,,,,,,,,,,,,,,,,,,,,,,1.0,,,,,,,,,,,,,,,,,,,,,,,,,,,,,,,,
,,-3.069732,-2.0044844,-3.572107,,-2.5186267,,,,-1.993046,-2.450974,-2.1887476,-3.7291281,-2.794106,-2.032331,-2.1743124,-2.767233,-2.7076511,-3.5411034,-2.6559086,-3.7914732,-4.078464,-4.0376153,-3.8980832,-2.6352818,,-2.0518107,-2.528624,-2.5392532,-3.432987,-2.8276021,,-3.8733265,,-4.061581,,-2.9556878,-2.8553197,-3.1354263,-4.129883,,,0.0,0.0,0.0,,0.0,,,,0.0,0.0,0.0,0.0,0.0,0.0,0.0,0.0,0.0,0.0,0.0,0.0,0.0,0.0,0.0,0.0,,0.0,0.0,0.0,0.0,0.0,,0.0,,0.0,,0.0,0.0,0.0,0.0
,,-2.0919292,-1.9035697,-2.9492273,,-2.231595,,,,-1.6592498,-2.164804,-2.075801,-3.323177,-2.224306,-1.3386625,-1.7493649,-2.21616,-1.2418199,-2.594056,-2.3699908,-3.3785775,-3.258433,-2.9185727,-3.2295384,-1.8252202,,-1.588244,-1.5319127,-1.9942288,-2.8193355,-1.8822682,,-3.003682,,-3.501735,,-1.6264337,-2.5999117,-3.0860994,-2.6907818,,,0.0,0.0,0.0,,0.0,,,,0.0,0.0,0.0,0.0,0.0,0.0,0.0,0.0,0.0,0.0,0.0,0.0,0.0,0.0,0.0,0.0,,0.0,0.0,0.0,0.0,0.0,,0.0,,0.0,,0.0,0.0,0.0,0.0
,,,,,,,,,,,,,,-0.2564975,1.8191992,-1.5588355,-2.6052241,-0.4828948,,,,,,,,,,,,,,,,,,,,,,,,,,,,,,,,,,,,,1.0,1.0,0.0,0.0,0.0,,,,,,,,,,,,,,,,,,,,,,
,-0.23145963,,,,,,,,-1.7118758,,,,,,,,,,,,,,,,,,,,,,,,,,,,,,,,,0.0,,,,,,,,0.0,,,,,,,,,,,,,,,,,,,,,,,,,,,,,,,
,,,,,,,,,,,,,,,-0.35876298,-2.0104387,-2.0332458,-2.482238,,,,,,,,,,,,,,,,,,,,,,,,,,,,,,,,,,,,,,0.0,0.0,0.0,0.0,,,,,,,,,,,,,,,,,,,,,,
,,,,,,,,,,,,,,,,,,-1.0021412,,,,,,,,,,,,,,,,,,,,,,,,,,,,,,,,,,,,,,,,,0.0,,,,,,,,,,,,,,,,,,,,,,
,,,,,,,,,,,,,,,,,,,,,,,,,,,,,,,,,,,,-2.0823097,,,,,,,,,,,,,,,,,,,,,,,,,,,,,,,,,,,,,,,,,0.0,,,,
,,,,,,,,,,,,,,,-0.11286572,0.85550946,-0.15427758,-0.32398996,,,,,,,,,,,,,,,,,,,,,,,,,,,,,,,,,,,,,,1.0,1.0,0.0,1.0,,,,,,,,,,,,,,,,,,,,,,
,,,,,,,,,,,,,,,-2.976514,-2.3756695,-4.1687107,-2.4897285,,,,,,,,,,,,,,,,,,,,,,,,,,,,,,,,,,,,,,0.0,0.0,0.0,1.0,,,,,,,,,,,,,,,,,,,,,,
,,-2.372829,-2.936782,-3.0532787,,-2.7441206,,,,-2.9697855,-2.6438131,-3.0102198,-3.3616064,-2.3433712,-2.1415956,-2.194795,-3.3457813,-2.7410688,-2.9855568,-2.579049,-3.2715552,-2.9451916,-2.788723,-3.168434,-2.3821778,,-2.4365716,-1.9462129,-2.2449472,-2.498849,-1.6318712,,-3.0735135,,-3.8820584,,-2.1073306,-2.8588657,-2.5277221,-2.3920088,,,0.0,0.0,0.0,,0.0,,,,0.0,0.0,0.0,0.0,0.0,0.0,0.0,0.0,0.0,0.0,0.0,0.0,0.0,0.0,0.0,0.0,,0.0,0.0,0.0,0.0,0.0,,0.0,,0.0,,0.0,0.0,0.0,0.0
,2.1659775,,,,,,,,1.0961002,,,,,,,,,-2.4913633,,,,,,-0.8946375,,,,,,,-0.35695255,,-0.9737755,,,,,,,,,1.0,,,,,,,,0.0,,,,,,,,,0.0,,,,,,1.0,,,,,,,0.0,,0.0,,,,,,,
,,,,,,,,,,,,,,,0.45803657,1.452609,-1.4742237,-2.367017,,,,,,,,,,,,,,,,,,,,,,,,,,,,,,,,,,,,,,1.0,1.0,0.0,1.0,,,,,,,,,,,,,,,,,,,,,,
,,,,,,,,,,,,,,-3.115696,,-0.91518205,,2.694809,,,,,,,,,,,,,,,,,,,,,,,,,,,,,,,,,,,,,0.0,,0.0,,1.0,,,,,,,,,,,,,,,,,,,,,,
,,,,,,,,,,,,,,-4.234085,-4.6027184,-3.9752033,-3.6712976,-4.657937,,,,,,,,,,,,,,,,,,,,,,,,,,,,,,,,,,,,,0.0,0.0,0.0,0.0,0.0,,,,,,,,,,,,,,,,,,,,,,
,,,,,,,,,,,,,,0.16450498,,,,-1.9587973,,,,,,,,,,,,,,,,,,,,,,,,,,,,,,,,,,,,,1.0,,,,1.0,,,,,,,,,,,,,,,,,,,,,,
,,,,,-0.90818954,-2.6448517,-1.3829274,,,,,,,,,,,,,,,,,,,,,,,,,,,,,,,,,,,,,,,0.0,0.0,1.0,,,,,,,,,,,,,,,,,,,,,,,,,,,,,,,,,
,,0.048118234,-2.446779,-3.3376296,,-3.2182827,,,,-2.4661345,-2.6341934,-1.9286135,-3.7593558,-3.4131048,-3.7140505,-4.4324718,-3.4727993,-4.243853,0.27343613,-0.30557704,-0.7994092,-3.3802574,-2.9173408,-2.504489,-1.7208748,1.8494291,-0.3959523,-1.4158041,-0.9752743,-3.594867,-1.177328,,-3.0872164,,-3.160863,,-3.5371644,-2.2965887,-2.8255427,-1.6728932,,,0.0,0.0,0.0,,0.0,,,,0.0,0.0,0.0,0.0,0.0,0.0,0.0,0.0,0.0,0.0,0.0,0.0,0.0,0.0,0.0,0.0,1.0,0.0,0.0,0.0,0.0,0.0,,0.0,,0.0,,0.0,0.0,0.0,0.0
,,,,,,,,,,,,,-1.7174393,,,,,,,,,,,,,,,,,,,,,,,,,,,,,,,,,,,,,,,,,1.0,,,,,,,,,,,,,,,,,,,,,,,,,,,
,,,,,,,,,,,,,,2.5701585,4.661525,4.404656,0.43050838,4.193024,,,,,,,,,,,,,,,,,,,,,,,,,,,,,,,,,,,,,1.0,1.0,1.0,0.0,0.0,,,,,,,,,,,,,,,,,,,,,,
,,,,,,,,,,,,,,1.9431379,2.0453832,,-2.704298,,,,,,,,,,,,,,,,,,,,,,,,,,,,,,,,,,,,,,1.0,1.0,,0.0,,,,,,,,,,,,,,,,,,,,,,,
,,,,,,,,,,,,,,,,,,-0.5365141,,,,,,,,,,,,,,,,,,,,,,,,,,,,,,,,,,,,,,,,,1.0,,,,,,,,,,,,,,,,,,,,,,
,,,,,,,,,,,,,,-0.17995518,-1.4918493,-0.24421346,-4.094747,-2.7110262,,,,,,,,,,,,,,,,,,,,,,,,,,,,,,,,,,,,,1.0,1.0,1.0,0.0,1.0,,,,,,,,,,,,,,,,,,,,,,
,,,,,,,,,,,,,,,,,,,,,,-0.5826765,,,,,,,,,,,,,,,,,,,,,,,,,,,,,,,,,,,,,,,,,1.0,,,,,,,,,,,,,,,,,,
,,,,,,,,,,,,,,0.762374,0.0933133,,-2.492956,-2.2392893,,,,,,,,,,,,,,,,,,,,,,,,,,,,,,,,,,,,,1.0,1.0,,0.0,0.0,,,,,,,,,,,,,,,,,,,,,,
,,,,-1.394281,,,,1.9414418,,,,,,,,,,,,,,,,,,,,,,,,,,,,,,,,,,,,,1.0,,,,1.0,,,,,,,,,,,,,,,,,,,,,,,,,,,,,,,,
,,,,,,,,,,,,,,,,,,,,,,,-3.6012592,,,,,,,,,,,,,,,,,,,,,,,,,,,,,,,,,,,,,,,,,1.0,,,,,,,,,,,,,,,,,
,,,,,,,,,,,,,,,,-3.3767376,,-2.9863346,,,,,,,,,,,,,,,,,,,,,,,,,,,,,,,,,,,,,,,0.0,,0.0,,,,,,,,,,,,,,,,,,,,,,
,,,,,,,,,,,,,,,,,,,,,,,,,,,,,,-1.9873362,,,,,,,,,,,,,,,,,,,,,,,,,,,,,,,,,,,,,,,,,1.0,,,,,,,,,,
,,,,,,,,,,,,,,,,,,,,,,,,,,,,,,,,0.74136865,,,,,,,,,,,,,,,,,,,,,,,,,,,,,,,,,,,,,,,,,0.0,,,,,,,,
,,,,,,,,,,,,,,-3.3712049,-2.7199643,,-1.9626572,,,,,,,,,,,,,,,,,,,,,,,,,,,,,,,,,,,,,,0.0,0.0,,0.0,,,,,,,,,,,,,,,,,,,,,,,
,,,,,,,,,,,,,,-0.3966214,-0.43027455,-0.74056965,-1.4794334,-2.515622,,,,,,,,,,,,,,,,,,,,,,,,,,,,,,,,,,,,,1.0,0.0,0.0,0.0,0.0,,,,,,,,,,,,,,,,,,,,,,
,,-4.147995,-2.1362789,-3.1274607,,-3.2015538,,,,-3.881954,-3.964045,-4.3614073,-4.242521,-4.848632,-3.6440911,-2.6847103,-4.418424,-4.5542097,-4.0574083,-3.797209,-3.6245677,-3.454028,-3.8215137,-3.5388489,-3.925517,,-3.6273522,-3.3121166,-4.236341,-4.267142,-3.634678,,-3.5824895,,-3.7614,,-1.3124943,-2.9921336,-3.5529258,-3.8569455,,,0.0,0.0,0.0,,0.0,,,,0.0,0.0,0.0,0.0,0.0,0.0,0.0,0.0,0.0,0.0,0.0,0.0,0.0,0.0,0.0,0.0,,0.0,0.0,0.0,0.0,0.0,,0.0,,0.0,,0.0,0.0,0.0,0.0
,,-5.285998,-4.563155,-4.0511084,,-4.7459383,,,,-4.4168987,-4.6877203,-4.722854,-5.2076097,-4.354103,-3.2320814,-3.221975,-4.8914156,-3.4241676,-4.38441,-5.2569623,-5.4310246,-4.9015336,-3.8623943,-5.070044,-5.077347,,-4.553867,-4.593408,-5.3006344,-4.6436825,-4.195306,,-5.2033978,,-5.643806,,-2.380431,-4.772164,-4.5454836,-5.0600104,,,0.0,0.0,0.0,,0.0,,,,0.0,0.0,0.0,0.0,0.0,0.0,0.0,0.0,0.0,0.0,0.0,0.0,0.0,0.0,0.0,0.0,,0.0,0.0,0.0,0.0,0.0,,0.0,,0.0,,0.0,0.0,0.0,0.0
,,,,,,,,,,,,,,,,,,,,,,,,,,,,,,,,,,,,,0.17838785,,,,,,,,,,,,,,,,,,,,,,,,,,,,,,,,,,,,,,,,,1.0,,,
,,,,,,,,,,,,,,-0.9438619,-1.4031509,,-4.2452536,-2.230976,,,,,,,,,,,,,,,,,,,-1.4450449,,,,,,,,,,,,,,,,,,1.0,0.0,,0.0,0.0,,,,,,,,,,,,,,,,,,,0.0,,,
,,-3.7600272,-1.9015563,-3.0028508,,-3.249559,,,,-3.7975123,-3.5046902,-4.2607102,-3.8795059,-3.0821712,-3.2769744,-2.3669114,-3.798306,-4.0993676,-2.9663446,-3.5958128,-2.8947566,-3.589564,-2.9518123,-3.314547,-3.508696,,-3.0560238,-3.3277802,-4.012614,-4.122975,-3.7466521,,-3.3538256,,-3.3375864,,-2.3625891,-2.5884871,-3.5079541,-3.537211,,,0.0,0.0,0.0,,0.0,,,,0.0,0.0,0.0,0.0,0.0,0.0,0.0,0.0,0.0,0.0,0.0,0.0,0.0,0.0,0.0,0.0,,0.0,0.0,0.0,0.0,0.0,,0.0,,0.0,,0.0,0.0,0.0,0.0
,,-5.2681623,-4.086186,-4.415765,,-4.142164,,,,-4.412399,-4.3373137,-4.720905,-5.051837,-3.5602994,-3.007246,-1.8643951,-4.2452664,-3.3127575,-4.3851495,-4.806759,-4.9243984,-4.738739,-4.4818163,-4.8808513,-5.510964,,-4.3977346,-4.1865525,-5.003788,-5.115063,-4.048128,,-4.725127,,-5.7537465,,-2.2708964,-4.226863,-4.756479,-5.059423,,,0.0,0.0,0.0,,0.0,,,,0.0,0.0,0.0,0.0,0.0,0.0,0.0,0.0,0.0,0.0,0.0,0.0,0.0,0.0,0.0,0.0,,0.0,0.0,0.0,0.0,0.0,,0.0,,0.0,,1.0,0.0,0.0,0.0
,,,,,,,,,,,,,,-0.30002075,,,-1.7694454,-2.0606482,,,,,,,,,,,,,,,,,,,,,,,,,,,,,,,,,,,,,1.0,,,0.0,0.0,,,,,,,,,,,,,,,,,,,,,,
,,,,,,,,,,,,,,-3.1856585,,-1.5074978,-4.12307,,,,,,,,,,,,,,,,,,,,,,,,,,,,,,,,,,,,,,1.0,,1.0,0.0,,,,,,,,,,,,,,,,,,,,,,,
,,,,,-1.9280193,-3.7442884,-2.0896928,,,,,,,,-2.4488983,,-4.4305143,-3.8804448,,,,,,,,,,,,,,,,,,,,,,,,,,,,1.0,1.0,1.0,,,,,,,,0.0,,0.0,0.0,,,,,,,,,,,,,,,,,,,,,,
,,-2.2807133,-2.0487325,-1.7682564,,-2.8731718,,,,-2.4296885,-2.9394722,-2.6257508,-1.9462534,-1.4225274,-1.4822062,-1.2130737,-1.9848529,-0.013701331,-2.5191607,-1.9804399,-2.7448132,-2.5189853,-1.4722478,-1.627594,-2.050325,,-1.8946291,-2.5556936,-2.0063174,-2.3345962,-1.2330205,,-1.7543417,,-2.4189372,-0.9787268,-1.8422881,-3.4228551,-3.152158,-2.5674267,,,0.0,0.0,0.0,,0.0,,,,0.0,0.0,0.0,0.0,0.0,0.0,0.0,0.0,0.0,0.0,0.0,0.0,0.0,0.0,0.0,0.0,,0.0,0.0,0.0,0.0,0.0,,0.0,,0.0,0.0,0.0,0.0,0.0,0.0
,,,,,,,,,,,,,,1.5890166,0.19608317,,-0.37961915,,,,,,,,,,,,,,,,,,,,,,,,,,,,,,,,,,,,,,1.0,1.0,,0.0,,,,,,,,,,,,,,,,,,,,,,,
,,,,,,,,,,,,,,-5.5853314,-5.024456,-4.2611775,-3.4513144,-3.9737456,,,,,,,,,,,,,,,,,,,,,,,,,,,,,,,,,,,,,0.0,0.0,0.0,0.0,0.0,,,,,,,,,,,,,,,,,,,,,,
,,,,,,,,,,,,,,2.5204644,,1.2832341,-0.96235806,,,,,,,,,,,,,,,,,,,,,,,,,,,,,,,,,,,,,,1.0,,1.0,0.0,,,,,,,,,,,,,,,,,,,,,,,
,,,,,,,,,1.6586007,,,,,,,,,,,,,,,,,,,,,,-3.0708332,,,,,,,,,,,,,,,,,,,1.0,,,,,,,,,,,,,,,,,,,,,,0.0,,,,,,,,,
,,,,,,,,,,,,,,,,,,,,,-1.9554511,,,,,,,,,,,,,,,,,,,,,,,,,,,,,,,,,,,,,,,,,1.0,,,,,,,,,,,,,,,,,,,
,,,,,,,,,,,,,,,,,,,,,,,,,,,,,,,,,,,-3.219317,,,,,,,,,,,,,,,,,,,,,,,,,,,,,,,,,,,,,,,,,1.0,,,,,
,,,,,,,,,,,,,,,,,,,-1.9468677,,,,,,-0.012123554,-0.2685228,0.28615755,,,-1.4765736,,,,,,,,,,-2.325182,,,,,,,,,,,,,,,,,,,,1.0,,,,,,1.0,1.0,1.0,,,1.0,,,,,,,,,,1.0
,,,,,,,,,0.120785035,,,,,,,,,,,,,,,,,,,,,,,,,,,,,,,,,,,,,,,,,0.0,,,,,,,,,,,,,,,,,,,,,,,,,,,,,,,
,,-5.5285788,-5.341262,-5.0236225,,-4.9384003,,,,-4.7493906,-4.632282,-4.9190145,-5.2933965,-4.264654,-4.295372,-4.153803,-3.479125,-4.01842,-5.673704,-5.0161695,-5.4965277,-5.9600577,-4.670936,-5.8032746,-4.6218286,,-4.51534,-4.8063645,-5.4226155,-6.021069,-5.2717013,,-6.1147776,,-5.878444,,-0.12946789,-4.9185944,-4.265577,-5.5711613,,,0.0,0.0,0.0,,0.0,,,,0.0,0.0,0.0,0.0,0.0,0.0,0.0,0.0,0.0,0.0,0.0,0.0,0.0,0.0,0.0,0.0,,0.0,0.0,0.0,0.0,0.0,,0.0,,0.0,,0.0,0.0,0.0,0.0
,,,,,,,,,,,,,,-1.5397059,,-0.24999543,,-0.6579606,,,,,,,,,,,,,,,,,,,,,,,,,,,,,,,,,,,,,1.0,,0.0,,0.0,,,,,,,,,,,,,,,,,,,,,,
,,,,,,,,,,,,,,-1.5606962,-3.217859,-1.553343,-3.5681143,-1.9149143,,,,,,,,,,,,,,,,,,,,,,,,,,,,,,,,,,,,,1.0,1.0,0.0,0.0,0.0,,,,,,,,,,,,,,,,,,,,,,
,,,,,,,,,,,,,,,,,,,,,,,,,,,,,,,,,,,,-3.2186432,,,,,,,,,,,,,,,,,,,,,,,,,,,,,,,,,,,,,,,,,0.0,,,,
,,-4.974034,-5.6387424,-4.6782274,,-4.5470867,,,,-5.584437,-5.194966,-4.8696995,-5.314427,-3.427349,-4.0663743,-3.8952208,-4.0047216,-3.6667635,-5.108546,-5.1039658,-5.1928716,-5.830378,-4.7287602,-5.719404,-4.9010863,,-4.7276015,-4.5305133,-5.474147,-5.8359017,-5.5229616,,-5.5108175,,-6.4794726,-2.7586572,-3.891143,-4.549722,-4.4340425,-5.510843,,,0.0,0.0,0.0,,0.0,,,,0.0,0.0,0.0,0.0,0.0,0.0,0.0,0.0,0.0,0.0,0.0,0.0,0.0,0.0,0.0,0.0,,0.0,0.0,0.0,0.0,0.0,,0.0,,0.0,0.0,0.0,0.0,0.0,0.0
,,-3.8618736,-3.8393016,-3.5223346,,-1.9957646,,,,-3.7538075,-4.079595,-4.682293,-4.6426063,-2.591397,-0.9362075,-1.2751007,-2.6797605,-4.2508755,-4.316614,-3.9736984,-3.5980337,-3.4074175,-3.874008,-3.6330194,-3.9259248,,-4.554446,-3.3344147,-3.371972,-3.9937544,-4.407069,,-3.7088447,,-4.219196,,-0.21151906,-3.0179331,-3.311146,-3.992199,,,0.0,0.0,0.0,,0.0,,,,0.0,0.0,0.0,0.0,0.0,0.0,0.0,0.0,0.0,0.0,0.0,0.0,0.0,0.0,0.0,0.0,,0.0,0.0,0.0,0.0,0.0,,0.0,,0.0,,1.0,0.0,0.0,0.0
,,,,,,,,,,,,,,-0.621872,-1.792853,-1.8898954,-1.8488624,,,,,,,,,,,,,,,,,,,,,,,,,,,,,,,,,,,,,,1.0,0.0,0.0,1.0,,,,,,,,,,,,,,,,,,,,,,,
,,-1.9223026,-2.4634821,-1.9089456,,-3.5186448,,,,-2.8624096,-2.189384,-2.5549564,-2.946366,-0.8403537,-2.6775935,-4.2505226,-1.6574104,-0.6074237,-2.690817,-2.1243436,-1.5980072,-2.6547496,-2.1412785,-2.6046627,-1.6502271,,-1.7928634,-1.3710908,-1.9263041,-2.5875416,-1.7707429,,-2.51709,,-3.2120929,,-2.415862,-2.5118132,-1.8017596,-1.3728863,,,0.0,0.0,0.0,,0.0,,,,0.0,0.0,0.0,0.0,1.0,0.0,0.0,0.0,0.0,0.0,0.0,0.0,0.0,0.0,0.0,0.0,,0.0,0.0,0.0,0.0,0.0,,0.0,,0.0,,0.0,0.0,0.0,1.0
,,,,,,,,,,,,,,-0.30470395,-2.128947,-1.2199717,-2.8821511,-3.5278049,,,,,,,,,,,,,,,,,,,,,,,,,,,,,,,,,,,,,0.0,0.0,0.0,0.0,0.0,,,,,,,,,,,,,,,,,,,,,,
,,-3.3077981,-3.0483558,-2.705352,,-2.1938488,,,,-2.9566345,-2.8873239,-2.7519786,-2.984566,-1.1224753,-2.8778818,-2.8889606,-2.9198294,-1.9792389,-3.4070723,-3.0936332,-2.0529222,-2.9100244,-2.4750364,-2.6714516,-1.8483014,,-2.5385423,-3.4760294,-3.261143,-2.9330635,-2.968912,,-3.387857,,-2.5017648,,-2.675801,-3.2518919,-2.4220543,-2.162682,,,0.0,0.0,0.0,,0.0,,,,0.0,0.0,0.0,0.0,0.0,0.0,0.0,0.0,0.0,0.0,0.0,0.0,0.0,0.0,0.0,0.0,,0.0,0.0,0.0,0.0,0.0,,0.0,,0.0,,0.0,0.0,0.0,0.0
,,,,,,,,,,,,,,0.3980143,-2.1306903,-2.0273538,,-2.9511619,,,,,,,,,,,,,,,,,,,,,,,,,,,,,,,,,,,,,1.0,0.0,0.0,,0.0,,,,,,,,,,,,,,,,,,,,,,
,,,,,,,,,,,,,,0.868492,-1.835071,-1.7002552,-1.8899195,-1.2965976,,,,,,,,,,,,,,,,,-2.0103261,,,,,,,,,,,,,,,,,,,,1.0,0.0,0.0,0.0,0.0,,,,,,,,,,,,,,,,,1.0,,,,,
,,-3.4036024,-3.64455,-3.1312015,,-2.6227107,,,,-2.907149,-2.697742,-2.681936,-2.8635256,0.22721992,-3.161589,-2.4510758,-3.4800189,-2.0596554,-3.0908399,-3.9045534,-2.2527947,-3.20314,-2.500195,-3.6197267,-3.0649774,,-2.756441,-2.8167624,-3.202608,-3.124156,-2.5901961,,-3.6673737,,-2.8997006,,-2.6477463,-2.8408215,-2.8336656,-2.719811,,,0.0,0.0,0.0,,0.0,,,,0.0,0.0,0.0,0.0,0.0,0.0,0.0,0.0,0.0,0.0,0.0,0.0,0.0,0.0,0.0,0.0,,0.0,0.0,0.0,0.0,0.0,,0.0,,0.0,,0.0,0.0,0.0,0.0
,,,,,,,,,,,,,,,,,,,,,,,,,,,,,,,,,,,-2.2357707,,,,,,,,,,,,,,,,,,,,,,,,,,,,,,,,,,,,,,,,,1.0,,,,,
,,,,,,,,,,,,,,,,,,,,,,0.12983692,,,,,,,,,,,,,,,,,,,,,,,,,,,,,,,,,,,,,,,,,1.0,,,,,,,,,,,,,,,,,,
,,,,,,,,,,,,,,,,,,,,,,0.04949717,,,,,,,,,,,,,,,,,,,,,,,,,,,,,,,,,,,,,,,,,1.0,,,,,,,,,,,,,,,,,,
,,,,,,,,,,,,,,1.4850867,1.2477474,,-2.3082917,-0.973223,,,,,,,,,,,,,,,,,,,,,,,,,,,,,,,,,,,,,1.0,1.0,,1.0,1.0,,,,,,,,,,,,,,,,,,,,,,
,,,,,,,,,,,,,,,,,,,,,,,,,,,,,,,,,,,,,,,-2.0424619,-2.7570314,,,,,,,,,,,,,,,,,,,,,,,,,,,,,,,,,,,,,,,,1.0,0.0
,,,,,,,,0.7981433,,,,,,,,,,,,,,,,,,,,,,,,,,,,,,,,,,,,,,,,,1.0,,,,,,,,,,,,,,,,,,,,,,,,,,,,,,,,
,,,,,,,,,,,,,,0.00010801852,-2.0054848,-2.1760352,,,,,,,,,,,,,,,,,,,,,,,,,,,,,,,,,,,,,,,1.0,0.0,0.0,,,,,,,,,,,,,,,,,,,,,,,,
,,-1.6636876,-2.1813738,-2.791578,,-2.2627714,,,,-2.479058,-1.9443059,-2.4693396,-2.3415267,1.4535586,2.3658524,-1.5230979,-0.86700594,-0.5948923,-2.1083822,-1.6361176,-2.0597336,-1.2268142,-2.0444582,-1.6282097,-2.175042,,-1.8398914,-2.0225117,-1.7004479,-3.3065572,-2.3287416,,-1.5100145,,-2.9134388,,-2.0585263,-2.4925807,-3.021405,-2.8397353,,,0.0,0.0,0.0,,0.0,,,,0.0,0.0,0.0,0.0,0.0,0.0,0.0,0.0,0.0,0.0,0.0,0.0,0.0,0.0,0.0,0.0,,0.0,0.0,0.0,0.0,0.0,,0.0,,0.0,,0.0,0.0,0.0,0.0
,,,,,,,,,,,,,,2.2135196,,,-0.8666595,0.13140272,,,,,,,,,,,,,,,,,,,,,,,,,,,,,,,,,,,,,1.0,,,1.0,1.0,,,,,,,,,,,,,,,,,,,,,,
,,-1.6830689,-2.1049824,-2.027844,,-2.4569683,,,,-0.29741603,-1.5866979,-0.4717197,-2.8326364,-2.6863174,-1.9877304,-1.4270315,-3.5407157,-1.5865098,-1.8315954,-1.8628017,-1.6324443,-2.487291,-2.0038085,-1.2931069,-1.4663792,,-0.7070681,-1.4313773,-1.2288909,-2.6882527,-2.228126,,-1.983978,,-2.0974169,,-1.8250877,-2.4953597,-2.7226322,-2.2625215,,,0.0,0.0,0.0,,0.0,,,,0.0,0.0,0.0,0.0,0.0,0.0,0.0,0.0,0.0,0.0,0.0,0.0,0.0,0.0,0.0,0.0,,0.0,0.0,0.0,0.0,0.0,,0.0,,0.0,,0.0,0.0,0.0,0.0
,,,,,,,,,,,,,,,,1.1763091,,,,,,,,,,,-1.3827168,,-0.86734974,-1.8027658,,,,,,,,,,,,,,,,,,,,,,,,,,,0.0,,,,,,,,,,,1.0,,1.0,0.0,,,,,,,,,,
,,-4.6587095,-3.8811994,-4.098244,,-2.5967112,,,,-3.8006558,-3.6303234,-3.826032,-3.7729843,-2.419526,-3.4110403,-3.3451362,-2.685297,-2.9235837,-3.927893,-4.3049,-4.0353813,-4.2679486,-3.09128,-4.0243464,-4.204107,,-4.201226,-4.2969384,-4.443609,-3.8753622,-3.70224,,-4.2462807,,-4.583416,,-3.49488,-4.001887,-3.7422109,-4.833473,,,0.0,0.0,0.0,,0.0,,,,0.0,0.0,0.0,0.0,0.0,0.0,0.0,0.0,0.0,0.0,0.0,0.0,0.0,0.0,0.0,0.0,,0.0,0.0,0.0,0.0,0.0,,0.0,,0.0,,0.0,0.0,0.0,0.0
,,,,,,0.3402537,1.5642745,,,,,,,,,,,,,,,,,,,,,,,,,,,,,,,,,,,,,,,,1.0,1.0,,,,,,,,,,,,,,,,,,,,,,,,,,,,,,,,,
,,,,,,,,,,,,,,-0.9865263,0.36763853,,-0.5238911,-1.6460409,,,,,,,,,,,,,,,,,,,,,,,,,,,,,,,,,,,,,0.0,1.0,,0.0,1.0,,,,,,,,,,,,,,,,,,,,,,
,,,,,,,,,,,,,,1.1433997,1.6592814,1.544814,1.715689,1.6527718,,,,,,,,,,,,,,,,,,,,,,,,,,,,,,,,,,,,,1.0,1.0,1.0,0.0,1.0,,,,,,,,,,,,,,,,,,,,,,
0.6271987,,,,,,,,,-0.2565986,,,,,,,,,-1.0407637,,,,-0.5383924,,,,,,,,,,0.32470936,,,,,,,,,0.0,,,,,,,,,0.0,,,,,,,,,0.0,,,,1.0,,,,,,,,,,1.0,,,,,,,,
,0.31243297,,,,,,,,,,,,,,,,,,,,,0.7278057,,,,,,,,,,0.3365033,-1.1100639,,,,,,,,,0.0,,,,,,,,,,,,,,,,,,,,,1.0,,,,,,,,,,0.0,0.0,,,,,,,
,,,,,,,,,,,,,,,0.9810977,0.20610486,-3.2218332,-1.4224089,,,,,,,,,,,,,,,,,,,,,,,,,,,,,,,,,,,,,,0.0,0.0,0.0,0.0,,,,,,,,,,,,,,,,,,,,,,
,,,,,,,,,,,,,,,,,,,0.54578054,0.90775853,-0.4252801,,,,-1.8559463,-0.5952689,0.9895138,,0.71594334,-2.1833014,-0.41999847,,,,,,,,,,,,,,,,,,,,,,,,,,,,,1.0,1.0,1.0,,,,0.0,1.0,1.0,,1.0,1.0,1.0,,,,,,,,,
-0.052211754,,-3.0884721,-2.9640815,-4.240422,,-4.8821616,,,,-2.0262418,-1.5544792,-1.3669224,-4.6114154,-4.431189,-5.4442425,-4.1196785,-0.42931253,-2.3066561,-2.9623365,-0.9633999,-4.5188885,-4.332128,-4.122105,-4.1791787,-1.6366609,,-1.1413835,-2.4871166,-1.6773677,-4.398785,-0.5383179,,-4.8374963,,-4.669641,,-4.641237,-0.20677185,-3.8344367,-4.333515,1.0,,0.0,0.0,0.0,,0.0,,,,0.0,0.0,0.0,0.0,0.0,0.0,0.0,0.0,0.0,0.0,0.0,0.0,0.0,0.0,0.0,0.0,,1.0,1.0,0.0,0.0,0.0,,0.0,,0.0,,0.0,0.0,0.0,0.0
,,-3.3253734,-3.1066523,-5.063895,,-5.678836,,,,-2.4741492,-2.3518624,-1.6334444,-5.0303245,-6.8263793,-6.501603,-5.4047,-1.7035809,-2.501733,-3.3692682,-1.4462343,-4.808839,-4.3649583,-4.5537915,-4.4414105,-2.4268265,,-1.3435405,-2.538221,-2.55392,-5.0218263,-1.6676378,,-5.5250874,,-5.4394164,,-4.441695,-0.79282355,-4.684518,-4.880618,,,0.0,0.0,0.0,,0.0,,,,0.0,0.0,0.0,0.0,0.0,0.0,0.0,0.0,0.0,0.0,0.0,0.0,0.0,0.0,0.0,0.0,,0.0,0.0,0.0,0.0,0.0,,0.0,,0.0,,0.0,0.0,0.0,0.0
,,-2.7149618,-2.9881825,-3.512862,,-3.5914178,,,,-1.7048666,-1.8409516,-1.7089062,-4.3213725,-3.1462297,-2.514107,-2.2976878,-2.2816896,-3.5136857,-3.6297562,-3.2099824,-3.630049,-3.8776803,-3.6950011,-4.1584973,-3.1714756,,-2.561192,-3.3493652,-3.121404,-3.2817898,-3.416049,,-3.6148615,,-4.078613,,-3.1138942,-2.2486162,-2.4909887,-3.4108632,,,0.0,0.0,0.0,,0.0,,,,0.0,0.0,0.0,0.0,0.0,0.0,0.0,0.0,0.0,0.0,0.0,0.0,0.0,0.0,0.0,0.0,,0.0,0.0,0.0,0.0,0.0,,0.0,,0.0,,0.0,0.0,0.0,0.0
,,,,,,,,,,,,,,,,,,,,,,,,,,,,,,,-1.4791052,,,,,-1.5323032,,,,,,,,,,,,,,,,,,,,,,,,,,,,,,,,,,,,1.0,,,,,1.0,,,,
,,,,,,,,,,,,,,,,,,,,,,,,,,,,,,,,,,0.7667086,,,,,,,,,,,,,,,,,,,,,,,,,,,,,,,,,,,,,,,,,0.0,,,,,,
,,,,,,-0.07975579,-0.3747751,,,,,,,,,,,,,,,,,,,,,,,,,,,,,,,,,,,,,,,,1.0,1.0,,,,,,,,,,,,,,,,,,,,,,,,,,,,,,,,,
,,,,,,,,1.3236891,,,,,,,,,,,,,,,,,,,,,,,,,,,,,,,,,,,,,,,,,1.0,,,,,,,,,,,,,,,,,,,,,,,,,,,,,,,,
,,,,,,,,,,,,,,,,,,,-0.52851576,,,,,,,1.7540497,,,,-2.6775193,,,,,,,,,,,,,,,,,,,,,,,,,,,,,,1.0,,,,,,,0.0,,,,0.0,,,,,,,,,,
,,,,,,,,,,,,,,-0.5690344,-0.42561063,,,,,,,,,,,,-0.027208425,,-0.60238254,,-0.1332946,,,,,,,,,,,,,,,,,,,,,,,,1.0,1.0,,,,,,,,,,,,1.0,,1.0,,1.0,,,,,,,,,
0.323254,,,,,,,,,,,,,,,,,,,,,,,,,,,,,,,,,,,,,,,,,0.0,,,,,,,,,,,,,,,,,,,,,,,,,,,,,,,,,,,,,,,,
,,,,,,,,,,,,,,,,,,,,,,,,,,,,,,,,-4.0599275,,,,,,,,,,,,,,,,,,,,,,,,,,,,,,,,,,,,,,,,,1.0,,,,,,,,
,,,,,,,,,,,,,,1.6281145,,,-2.493214,,,,,,,,,,,,,,,,,,,,,,,,,,,,,,,,,,,,,,1.0,,,1.0,,,,,,,,,,,,,,,,,,,,,,,
,,,,,,,,,,,,,,-4.5250397,,,-4.0486465,-0.1104328,,,,,,,,,,,,,,,,,,,,,,,,,,,,,,,,,,,,,0.0,,,0.0,1.0,,,,,,,,,,,,,,,,,,,,,,
,,,,,,,,,,,,,,-1.0077486,0.7977311,,,0.17559032,,,,,,,,,,,,,,,,,,,,,,,,,,,,,,,,,,,,,0.0,1.0,,,1.0,,,,,,,,,,,,,,,,,,,,,,
,,,,,,,,,,,,,,,,,,,,,,,,,,,,,,,,,,,-3.1382675,,,,,,,,,,,,,,,,,,,,,,,,,,,,,,,,,,,,,,,,,1.0,,,,,
,,,,,,,,,,,,,,,1.0380455,1.1777475,,-0.74698466,,,,,,,,,,,,,,,,,,,,,,,,,,,,,,,,,,,,,,1.0,1.0,,1.0,,,,,,,,,,,,,,,,,,,,,,
,,,,,,,,,,,,,,,,,,,,,,,,,,,,,,,,,,,,-0.5040311,,,,,,,,,,,,,,,,,,,,,,,,,,,,,,,,,,,,,,,,,1.0,,,,
,,,,,,,,,,,,,,,,,,,,,,,,,,,,,,,,-0.030023513,,,,,,,,,,,,,,,,,,,,,,,,,,,,,,,,,,,,,,,,,0.0,,,,,,,,
,,,,,,,,,,,,,,,,,,,,,,,,-2.0129964,,,,,,,,0.82640326,,,,,,,,,,,,,,,,,,,,,,,,,,,,,,,,,1.0,,,,,,,,0.0,,,,,,,,
,,,,,,,,,,,,,,0.083418354,1.1394869,,-0.8566998,1.2772474,,,,,,,,,,,,,,,,,,,,,,,,,,,,,,,,,,,,,1.0,1.0,,1.0,1.0,,,,,,,,,,,,,,,,,,,,,,
,,,,,,,,1.949036,,,,,,,,,,,,,,,,,,,,,,,,,,,,,,,,,,,,,,,,,1.0,,,,,,,,,,,,,,,,,,,,,,,,,,,,,,,,
,,,,,,,,,,,,,,0.8558211,1.0048362,2.1358488,,2.1139734,,,,,,,,,,,,,,,,,,,,,,,,,,,,,,,,,,,,,1.0,1.0,1.0,,1.0,,,,,,,,,,,,,,,,,,,,,,
,,,,,,,,,,,,,,,,,,,,,,,,,,,,,,,-2.2043076,,,,,,,,,,,,,,,,,,,,,,,,,,,,,,,,,,,,,,,,,0.0,,,,,,,,,
,,,,,,,,,,,,,,,,,,,-1.5373359,,-2.4173536,,,,,,,,,,,,,,,,,,,,,,,,,,,,,,,,,,,,,,,0.0,,0.0,,,,,,,,,,,,,,,,,,,
,,,,,,,,,,,,,,,,,,,,,,,,,,,,,,,,,,,,-1.6985223,,,,,,,,,,,,,,,,,,,,,,,,,,,,,,,,,,,,,,,,,0.0,,,,
-0.14654629,,-3.3563318,-3.8294053,-4.276962,,-4.4083405,,,,-2.5848026,-2.301784,-2.4634993,-4.9023695,-2.1329186,-2.5457458,-2.6307528,-3.0323272,-3.1911411,-4.067972,-2.6392596,-4.574705,-4.234089,-3.5451133,-5.121306,-2.1284194,,-3.4200401,-2.3019931,-3.2257798,-5.1533575,-3.493167,,-4.2822003,,-5.2559075,,-2.4814916,-3.6401987,-2.1085722,-3.0378697,1.0,,0.0,0.0,0.0,,0.0,,,,0.0,0.0,0.0,0.0,0.0,0.0,0.0,0.0,0.0,0.0,0.0,0.0,0.0,0.0,0.0,0.0,,0.0,0.0,1.0,0.0,0.0,,0.0,,0.0,,0.0,0.0,0.0,1.0
,,,,,,,,,,,,,,-0.24780066,-0.17142825,-0.88086313,-1.545737,-1.6094311,,,,,,,,,,,,,,,,,,,,,,,,,,,,,,,,,,,,,1.0,0.0,0.0,0.0,0.0,,,,,,,,,,,,,,,,,,,,,,
,,-1.9245343,-2.1280584,-1.3282729,,-0.205328,,,,-1.2855473,-1.0228788,-1.6758093,-1.6181967,1.6040635,1.1312515,0.25773004,0.25233322,-0.3360115,-2.0865047,-1.7786027,-1.8190366,-1.6388353,0.018385844,-2.0499134,-1.5670903,,-1.5010334,-1.1676108,-1.6933355,-1.3880225,-1.4783502,,-1.8516736,,-2.1207678,,-1.3393427,-0.791847,-1.1971713,-1.0671861,,,0.0,0.0,0.0,,0.0,,,,0.0,0.0,0.0,0.0,0.0,0.0,0.0,0.0,0.0,0.0,0.0,0.0,0.0,0.0,0.0,0.0,,0.0,0.0,0.0,0.0,0.0,,0.0,,0.0,,0.0,0.0,0.0,0.0
,,,,,,,,,,,,,,,-1.0920866,,-1.8218902,-2.569792,,,,,,,,,,,,,,,,1.267978,,,,,,,,,,,,,,,,,,,,,,1.0,,0.0,1.0,,,,,,,,,,,,,,,,1.0,,,,,,
,,,,,,,,,-0.20154428,,,,,,,,,,,,,,,,,,,,,,,,,,,,,,,,,,,,,,,,,0.0,,,,,,,,,,,,,,,,,,,,,,,,,,,,,,,
,,,,,,,,,,,,,,,,,,,,,,,,,,,,,,,,,-2.256638,,,,,,,,,,,,,,,,,,,,,,,,,,,,,,,,,,,,,,,,,1.0,,,,,,,
0.59263223,,-2.10406,-2.1301312,-2.4341671,,-3.1121435,,,,-2.1506035,-1.624155,-2.6511507,-2.4894474,1.3178821,0.037999056,-0.45885515,-0.28720346,-0.86372155,-1.9666038,-2.185327,-2.7425392,-2.333456,-2.6398456,-2.778203,-2.636545,,-1.7715973,-1.9817837,-2.3882234,-2.7300806,-3.4174263,,-2.6382499,,-2.5566368,,-3.3798237,-2.0089848,-2.2125132,-2.7888489,1.0,,0.0,0.0,0.0,,0.0,,,,0.0,0.0,0.0,0.0,1.0,1.0,1.0,1.0,1.0,0.0,0.0,0.0,0.0,0.0,0.0,0.0,,0.0,0.0,0.0,0.0,0.0,,0.0,,0.0,,0.0,0.0,0.0,0.0
,,-2.1139712,-2.2922366,-2.182672,,-2.888033,,,,-2.4000995,-1.7225268,-2.7551005,-2.0827048,0.9214331,0.37179703,-0.49318442,0.5798212,-0.24495372,-2.044978,-2.0785835,-2.346,-2.5844917,-2.3177025,-2.661026,-2.325905,,-2.0669014,-1.9660295,-2.4156206,-2.3094723,-3.0107021,,-2.7172806,,-2.5628006,,-3.2784727,-1.9247978,-2.0726707,-2.6553566,,,0.0,0.0,0.0,,0.0,,,,0.0,0.0,0.0,0.0,1.0,1.0,1.0,0.0,0.0,0.0,0.0,0.0,0.0,0.0,0.0,0.0,,0.0,0.0,0.0,0.0,0.0,,0.0,,0.0,,0.0,0.0,0.0,0.0
,,,,,,,,1.948366,,,,,,,,,,,,,,,,,,,,,,,,,,,,,,,,,,,,,,,,,1.0,,,,,,,,,,,,,,,,,,,,,,,,,,,,,,,,
,,,,,,,,,,,,,,-1.4406679,1.356537,,-2.7113605,0.05698066,,,,,,,,,,,,,,,,,,,,,,,,,,,,,,,,,,,,,0.0,1.0,,0.0,1.0,,,,,,,,,,,,,,,,,,,,,,
,,,,,,,,,,,,,,,,,,,,,,,,,,,,,,,,,,-0.06799763,,,,,,,,,,,,,,,,,,,,,,,,,,,,,,,,,,,,,,,,,1.0,,,,,,
,,,,,,,,,,,,,,,,,,,,,,,,,,,,,,,,,,-0.23888953,,,,,,,,,,,,,,,,,,,,,,,,,,,,,,,,,,,,,,,,,1.0,,,,,,
,,,,-1.0338755,,,,,,,,,,,,,,,,,,,,,,,,,,,,,,,,,,,,,,,,,1.0,,,,,,,,,,,,,,,,,,,,,,,,,,,,,,,,,,,,
,,-2.1430311,-3.0398839,-2.0689368,-1.3836322,-1.9696428,-1.9466546,,,-2.4944992,-2.5824838,-2.8916707,-2.4898689,-2.9244208,-1.8908694,-2.2448394,-2.098092,-2.2934022,-3.2176642,-2.724558,-0.7663647,-3.2132578,-1.5766771,-2.6523309,-2.5747836,,-2.420086,-1.6418778,-1.9413736,-3.440272,-2.303549,,-3.5096521,,-3.0795121,,-2.6841555,-2.8427367,-0.23356526,-1.9471235,,,1.0,0.0,0.0,0.0,0.0,0.0,,,0.0,0.0,0.0,0.0,0.0,0.0,0.0,0.0,0.0,0.0,0.0,0.0,0.0,0.0,0.0,0.0,,0.0,0.0,0.0,0.0,0.0,,0.0,,0.0,,0.0,0.0,0.0,0.0
,,-5.0039935,-5.194657,-1.4688764,,-5.1495805,,,,-5.57002,-5.2313004,-4.909381,-4.5819726,-5.039901,-2.8593073,-3.8387482,-3.432382,-4.008108,-5.9324975,-5.0533013,-4.8364754,-6.397675,-5.107649,-4.8161263,-4.5358343,,-4.7690864,-3.6864996,-5.466408,-5.560237,-4.510097,,-5.940443,,-5.49654,,-3.9466746,-4.410073,-3.6783962,-5.2465343,,,0.0,0.0,1.0,,0.0,,,,0.0,0.0,0.0,0.0,0.0,0.0,0.0,0.0,0.0,0.0,0.0,0.0,0.0,0.0,0.0,0.0,,0.0,0.0,0.0,0.0,0.0,,0.0,,0.0,,0.0,0.0,0.0,0.0
,,,,,,,,,,,,,,,,,,,,,,0.24661164,,,,,,,,,,,,,,,,,,,,,,,,,,,,,,,,,,,,,,,,,1.0,,,,,,,,,,,,,,,,,,
,,,,,,,,,,,,,,0.5038139,0.94088846,-0.20161892,-1.5833215,-2.517896,,,,,,,,,,,,,,,,,,,,,,,,,,,,,,,,,,,,,1.0,0.0,0.0,0.0,0.0,,,,,,,,,,,,,,,,,,,,,,
,,-4.7036896,-4.856466,-4.862812,,-4.056701,,,,-5.214829,-4.399169,-5.823607,-6.5043216,-1.6631916,-2.2064037,-2.9733303,-5.32691,-2.9184544,-3.91082,-4.2760353,-4.008992,-4.7479587,-4.5319223,-5.045357,-6.5822673,,-4.1122026,-4.1977396,-3.151387,-5.5794353,-4.1910505,,-5.176159,,-5.293734,,-3.0107727,-4.2091527,-5.446547,-3.8025894,,,0.0,0.0,0.0,,0.0,,,,0.0,0.0,0.0,0.0,0.0,0.0,0.0,0.0,0.0,0.0,0.0,0.0,0.0,0.0,0.0,0.0,,0.0,0.0,0.0,0.0,0.0,,0.0,,0.0,,0.0,0.0,0.0,0.0
,,,,,,,,,,,,,,-0.42068613,-1.1937239,-1.0536132,-3.682207,-2.6856227,,,,,,,,,,,,,,,,,,,,,,,,,,,,,,,,,,,,,0.0,0.0,0.0,0.0,0.0,,,,,,,,,,,,,,,,,,,,,,
,,,,,,,,,,,,,,1.8749577,-0.71650356,-1.0703082,-2.6451027,-1.2237258,,,,,,,,,,,,,,,,,,,,,,,,,,,,,,,,,,,,,1.0,1.0,1.0,0.0,1.0,,,,,,,,,,,,,,,,,,,,,,
,,,,,,,,1.5076278,,,,,,,,,,,,,,,,,,,,,,,,,,,,,,,,,,,,,,,,,1.0,,,,,,,,,,,,,,,,,,,,,,,,,,,,,,,,
,,,,,,,,,,,,,,,,,,,,,,,,,,,,,,,,,,,-2.2555184,,,,,,,,,,,,,,,,,,,,,,,,,,,,,,,,,,,,,,,,,1.0,,,,,
,,,,,,,,0.009870411,,,,,,,,,,,,,,,,,,,,,,,,,,,,,,,,,,,,,,,,,0.0,,,,,,,,,,,,,,,,,,,,,,,,,,,,,,,,
,,,,,,,,-0.83908975,,,,,,,,,,,,,,,,,,,,,,,,,,,,,,,,,,,,,,,,,1.0,,,,,,,,,,,,,,,,,,,,,,,,,,,,,,,,
,,,,,,,,,,,,,,,,,,,,,,,,,,,,,,,-2.1050124,,,,,,,,,,,,,,,,,,,,,,,,,,,,,,,,,,,,,,,,,0.0,,,,,,,,,
,,,,,,,-0.21809283,,,,,,,,,,,,,,,,,,,,,,,,,,,,,,,,,,,,,,,,,0.0,,,,,,,,,,,,,,,,,,,,,,,,,,,,,,,,,
,,,,,,,-0.06283474,,,,,,,,,,,,,,,,,,,,,,,,,,,,,,,,,,,,,,,,,0.0,,,,,,,,,,,,,,,,,,,,,,,,,,,,,,,,,
,,,,,,,,,,,,,,,,,,,,,,,,,,,,,,,,,,0.5986612,,,,,,,,,,,,,,,,,,,,,,,,,,,,,,,,,,,,,,,,,0.0,,,,,,
,,,,,,,,,,,,,,-0.5536543,-0.8276408,-1.2008667,,-1.1472703,,,,,,,,,,,,,,,,,,,,,,,,,,,,,,,,,,,,,1.0,1.0,1.0,,1.0,,,,,,,,,,,,,,,,,,,,,,
,,,,,,,,,,,,,,-3.38913,,-1.3566525,-3.549739,,,,,,,,,,,,,,,,,,,,,,,,,,,,,,,,,,,,,,0.0,,0.0,0.0,,,,,,,,,,,,,,,,,,,,,,,
,,,,,,,,,,,,,,,,,,,,,,-0.40138915,,,,,,,,,-0.99827075,,,,,,,,,,,,,,,,,,,,,,,,,,,,,,,,0.0,,,,,,,,,0.0,,,,,,,,,
,,-1.8629123,-2.0889332,-2.451625,,-3.692905,,,,-2.2972689,-1.6674086,-2.230241,-2.715876,0.88790864,1.3742492,0.015503306,-1.3206128,0.07431491,-1.2599403,-1.1530885,-1.9218658,-1.7093678,-1.9521354,-2.124477,-2.5356512,,-1.1332176,-0.7892425,-0.8558142,-2.612848,-0.93397397,,-1.2782062,,-2.3654416,,-2.841828,-1.6730819,-2.5020278,-2.2193568,,,0.0,0.0,0.0,,0.0,,,,0.0,0.0,0.0,0.0,0.0,0.0,0.0,0.0,0.0,0.0,0.0,0.0,0.0,0.0,0.0,0.0,,0.0,0.0,0.0,0.0,0.0,,0.0,,0.0,,0.0,0.0,0.0,0.0
,,,,,,,,,,,,,,,-4.9781456,-3.9897642,-5.898195,-4.821823,,,,,,,,,,,,,,,,,,,,,,,,,,,,,,,,,,,,,,0.0,0.0,0.0,0.0,,,,,,,,,,,,,,,,,,,,,,
,,,,,,,,,,,,,,-0.5936268,-1.4402992,-2.4672356,-1.5351275,-2.8329144,,,,,,,,,,,,,,,,,,,,,,,,,,,,,,,,,,,,,1.0,0.0,0.0,1.0,0.0,,,,,,,,,,,,,,,,,,,,,,
,,,,,,,,,,,,,,,,,,,,,,,,,,,,,,,,,,,-2.0301561,,,,,,,,,,,,,,,,,,,,,,,,,,,,,,,,,,,,,,,,,1.0,,,,,
,,,,,,,,,,,,,,1.1323642,2.412453,1.0742319,-0.71967924,0.023030277,,,,,,,,,,,,,,,,,,,,,,,,,,,,,,,,,,,,,1.0,1.0,1.0,1.0,1.0,,,,,,,,,,,,,,,,,,,,,,
,,,,,,,,,,,,,,-1.040421,-2.5769224,,-1.2443551,-1.0039109,,,,,,,,,,,,,,,,,,,,,,,,,,,,,,,,,,,,,1.0,0.0,,0.0,1.0,,,,,,,,,,,,,,,,,,,,,,
,,,,,,,,,,,,,,,,,,,,,,,,,,,,,,,,,,,,,,0.75318897,,,,,,,,,,,,,,,,,,,,,,,,,,,,,,,,,,,,,,,,,1.0,,
,,,,,,,,,,,,,,-0.6346095,-0.92298895,-2.8319986,-2.2384977,-1.7503947,,,,,,,,,,,,,,,,,,,,,,,,,,,,,,,,,,,,,0.0,0.0,0.0,0.0,0.0,,,,,,,,,,,,,,,,,,,,,,
,,,,,,,,,,,,,,2.72615,3.593205,,-0.09446624,2.3450766,,,,,,,,,,,,,,,,,,,,,,,,,,,,,,,,,,,,,1.0,1.0,,0.0,1.0,,,,,,,,,,,,,,,,,,,,,,
,,-5.540197,-4.339028,-2.0456252,,-4.7963085,,,,-5.3033395,-4.978518,-5.702985,-5.3871274,-3.239872,-3.2612371,-3.3340733,-2.844954,-2.691294,-4.682606,-5.733422,-4.651186,-4.7609367,-3.7102563,-5.0926747,-5.3480077,,-4.4428186,-3.1286216,-5.2744074,-5.410263,-4.536698,,-5.1802197,,-5.543985,,-3.3827116,-4.291807,-4.12795,-4.9997396,,,0.0,0.0,0.0,,0.0,,,,0.0,0.0,0.0,0.0,0.0,0.0,0.0,0.0,0.0,0.0,0.0,0.0,0.0,0.0,0.0,0.0,,0.0,0.0,0.0,0.0,0.0,,0.0,,0.0,,0.0,0.0,0.0,0.0
,,,,,,,,,,,,,,,,,,,,,,,,,,-0.3138665,,,,,,,,,,,,,,,,,,,,,,,,,,,,,,,,,,,,,,,,,1.0,,,,,,,,,,,,,,
0.7156211,,,,,,,,,,,,,,,,,,,,,,,,,,,,,,,,,,,,,,,,,0.0,,,,,,,,,,,,,,,,,,,,,,,,,,,,,,,,,,,,,,,,
,,,,,,,,,,,,,,,,,,,-2.2517767,,,,,,,,,,,,,,,,,,,,,,,,,,,,,,,,,,,,,,,,,0.0,,,,,,,,,,,,,,,,,,,,,
,,,,,,,,,,,,,,,,,,,,,,,,,,,,,,,,,,,,,,-1.8287752,,,,,,,,,,,,,,,,,,,,,,,,,,,,,,,,,,,,,,,,,0.0,,
,,,,,,,,,,,,,,,,,,,-1.2745321,,,,,,,,,,,,,,,,,,,0.43727416,,,,,,,,,,,,,,,,,,,,,,1.0,,,,,,,,,,,,,,,,,,,1.0,,
,,,,,,,,,,,,,,,,,,,,,,,,,,,,,,,,,-0.6685204,,,,,,,,,,,,,,,,,,,,,,,,,,,,,,,,,,,,,,,,,1.0,,,,,,,
,,,,,,,,,,,,,,,2.2420146,1.3492128,-1.9782073,1.4200855,,,,,,,,,,,,,,,,,,,,,,,,,,,,,,,,,,,,,,0.0,1.0,0.0,0.0,,,,,,,,,,,,,,,,,,,,,,
,,,,,,,,,,,,,,,,,,,,,,,,,,,,,,,,,,,,-0.51894724,,,,,,,,,,,,,,,,,,,,,,,,,,,,,,,,,,,,,,,,,1.0,,,,
,,,,,,,,2.7198277,,,,,,,,,,,,,,,,,,,,,,,,,,,,,,,,,,,,,,,,,0.0,,,,,,,,,,,,,,,,,,,,,,,,,,,,,,,,
,,,,,,,,,,,,,,,-1.9599898,-1.6291058,-3.0539327,-4.994877,,,,,,,,,,,,,,,,,,,,,,,,,,,,,,,,,,,,,,0.0,0.0,1.0,0.0,,,,,,,,,,,,,,,,,,,,,,
,,-2.8178487,-2.4472368,-3.0284917,,-0.9538468,,,,-0.7278589,-0.88381505,-0.7143226,-2.9579475,-1.4582105,-1.1158444,-1.6412513,-0.7424159,-3.326092,-2.51318,-1.7503515,-3.1592467,-2.8024662,-2.3336742,-2.5544357,-2.527342,,-2.1340747,-2.359074,-0.85940015,-1.9904671,-2.533757,,-3.4110842,,-3.7099829,,-3.0146782,-0.5002353,-2.5001082,-1.9655808,,,0.0,0.0,0.0,,0.0,,,,0.0,0.0,0.0,0.0,0.0,0.0,0.0,1.0,0.0,0.0,0.0,0.0,0.0,0.0,0.0,0.0,,0.0,0.0,0.0,0.0,0.0,,0.0,,0.0,,0.0,1.0,0.0,0.0
,,,,,,,,,,,,,,,,,,,,,,,,,,,,,,,,2.2608466,,,,,,,,,,,,,,,,,,,,,,,,,,,,,,,,,,,,,,,,,1.0,,,,,,,,
,,,,,,,,1.1446552,,,,,,,,,,,,,,,,,,,,,,,,,,,,,,,,,,,,,,,,,1.0,,,,,,,,,,,,,,,,,,,,,,,,,,,,,,,,
,,,,,,,,,,,,,,0.7907651,,,-2.831159,,,,,,,,,,,,,,,,,,,,,,,,,,,,,,,,,,,,,,0.0,,,0.0,,,,,,,,,,,,,,,,,,,,,,,
,,,,,,,,,,,,,,0.86480916,0.02569897,,-2.976107,-1.4745177,,,,,,,,,,,,,,,,,,,,,,,,,,,,,,,,,,,,,0.0,1.0,,0.0,1.0,,,,,,,,,,,,,,,,,,,,,,
,,,,,,,,,,,,,,-3.8289194,,-4.4947786,-4.2512484,-3.8407078,,,,,,,,,,,,,,,,,,,,,,,,,,,,,,,,,,,,,0.0,,0.0,0.0,0.0,,,,,,,,,,,,,,,,,,,,,,
,,-4.4322557,-4.9702315,-4.835764,,-3.6639237,,,,-4.2727985,-4.05921,-4.1534696,-4.5925555,-3.32123,-5.4963856,-5.04609,-3.8944159,-3.4962313,-4.484897,-4.7286367,-4.789787,-5.160056,-4.0987535,-4.33948,-4.4310455,,-4.759234,-4.4395337,-5.337607,-4.425847,-4.5177937,,-5.2597823,,-5.220802,,-3.9538023,-4.4143796,-4.6408753,-4.7117376,,,0.0,0.0,0.0,,0.0,,,,0.0,0.0,0.0,0.0,0.0,0.0,0.0,0.0,0.0,0.0,0.0,0.0,0.0,0.0,0.0,0.0,,0.0,0.0,0.0,0.0,0.0,,0.0,,0.0,,0.0,0.0,0.0,0.0
,,-3.1363206,-3.9040873,-4.3603315,,-3.5106235,,,,-3.0747256,-2.9576502,-3.262174,-4.482516,1.0141666,-1.0106953,-2.8024633,-1.3147416,-3.2437603,-3.1805747,-3.5538201,-3.1483343,-2.883684,-3.0340009,-3.188562,-3.468028,,-3.1684873,-2.851768,-3.321936,-3.667688,-2.6533666,,-3.5786426,,-4.754809,,-2.4851625,-2.8487709,-3.5653281,-3.7855735,,,0.0,0.0,0.0,,0.0,,,,0.0,0.0,0.0,0.0,0.0,0.0,0.0,0.0,0.0,0.0,0.0,0.0,0.0,0.0,0.0,0.0,,0.0,0.0,0.0,0.0,0.0,,0.0,,0.0,,0.0,0.0,0.0,0.0
,,,,,,,,,,,,,-0.507323,,,,,,,,,,,,,-0.86378425,-2.2199264,,,,,,,,,,,,,,,,,,,,,,,,,,,0.0,,,,,,,,,,,,,0.0,0.0,,,,,,,,,,,,,
,,,,,,,,,,,,,,1.4281677,,1.3275299,,3.5944366,,,,,,,,,,,,,,,,,,,,,,,,,,,,,,,,,,,,,1.0,,1.0,,1.0,,,,,,,,,,,,,,,,,,,,,,
,,,,,,,,,0.62770075,,,,,,,,,,,,,,,,,,,,,,,,,,,,,,,,,,,,,,,,,0.0,,,,,,,,,,,,,,,,,,,,,,,,,,,,,,,
,,,,,,,,,0.039079342,,,,,,,,,,,,,,,,,,,,,,,0.21025811,-2.131779,,,,,,,,,,,,,,,,,0.0,,,,,,,,,,,,,,,,,,,,,,,1.0,0.0,,,,,,,
,,,,,,,,,,,,,,,,,-0.32204115,-0.3805353,,,,,,,,,,,,,,,,,,,,,,,,,,,,,,,,,,,,,,,,1.0,1.0,,,,,,,,,,,,,,,,,,,,,,
,,,,,,,,,,,,,,-2.1405387,2.7833807,2.6797574,-2.6011088,0.83929616,,,,,,,,,,,,,,,,,,,,,,,,,,,,,,,,,,,,,0.0,1.0,0.0,0.0,1.0,,,,,,,,,,,,,,,,,,,,,,
,,,,,,,,,,,,,,-2.0773113,-2.4244206,-2.7623327,,,,,,,,,,,,,,,,,,,,,,,,,,,,,,,,,,,,,,,1.0,0.0,1.0,,,,,,,,,,,,,,,,,,,,,,,,
,,,,,,,,,,,,,,,,,,,,,,,,,,,,,,,,,,,,,,-0.04583191,,,,,,,,,,,,,,,,,,,,,,,,,,,,,,,,,,,,,,,,,1.0,,
,,,,,,,,,0.7345312,,,,,,,,,,,,,,,,,,,,,,,,,,,,,,,,,,,,,,,,,0.0,,,,,,,,,,,,,,,,,,,,,,,,,,,,,,,
,,-3.905153,-3.6455524,-4.097276,,-2.2481163,,,,-3.9467635,-3.4053493,-3.5654724,-3.9071553,-0.23353146,-2.5983946,-2.6684377,-3.0232735,-2.7531157,-3.9396741,-3.8696513,-3.9441102,-3.5872495,-3.19376,-3.5920463,-3.9623814,,-3.1042902,-2.6705987,-3.784625,-3.4437091,-3.8387027,,-3.010443,,-4.1885505,,-3.0863833,-3.7961168,-2.8696635,-3.3061142,,,0.0,0.0,0.0,,0.0,,,,0.0,0.0,0.0,0.0,0.0,0.0,0.0,0.0,0.0,0.0,0.0,0.0,0.0,0.0,0.0,0.0,,0.0,0.0,0.0,0.0,0.0,,0.0,,0.0,,0.0,0.0,0.0,0.0
,0.036222715,,,,,,,,,,,,,,,,,,,,,,,,,,,,,,,,,,,,,,,,,0.0,,,,,,,,,,,,,,,,,,,,,,,,,,,,,,,,,,,,,,,
,,,,,,,,,,,,,,,,,,,,,,,,,,,,,,,-0.791132,,,,,,,,,,,,,,,,,,,,,,,,,,,,,,,,,,,,,,,,,0.0,,,,,,,,,
,,,,,,,,0.94439995,,,,,,,,,,,,,,,,,,,,,,,,,,,,,,,,,,,,,,,,,1.0,,,,,,,,,,,,,,,,,,,,,,,,,,,,,,,,
,,,,,,,,,,,,,,,,,,,,,,,,,,,,,,,,,,,,0.6740357,,,,,,,,,,,,,,,,,,,,,,,,,,,,,,,,,,,,,,,,,0.0,,,,
,,,,,,,,,,,,,,,,,,,,,,,,,,,,,,,,,,,-3.4257293,,,,,,,,,,,,,,,,,,,,,,,,,,,,,,,,,,,,,,,,,1.0,,,,,
,,,,,,,,,,,,,,-2.1118858,-2.4461272,-2.2889318,-3.6522484,-1.326043,,,,,,,,,,,,,,,,,,,,,,,,,,,,,,,,,,,,,0.0,0.0,0.0,0.0,0.0,,,,,,,,,,,,,,,,,,,,,,
,,,,,,,,,,,,,,1.668658,2.097143,1.1089497,-0.261944,1.7710272,,,,,,,,,,,,,,,,,,,,,,,,,,,,,,,,,,,,,0.0,1.0,1.0,1.0,1.0,,,,,,,,,,,,,,,,,,,,,,
,,,,,,,,,,,,,,-3.8107433,-2.8143218,,-3.0203419,-3.0045931,,,,,,,,,,,,,,,,,,,,,,,,,,,,,,,,,,,,,0.0,0.0,,0.0,0.0,,,,,,,,,,,,,,,,,,,,,,
,,,,,,,,,,,,,,,,,,,,,,,,,,,,,,,,,,1.0546578,,,,,,,,,,,,,,,,,,,,,,,,,,,,,,,,,,,,,,,,,1.0,,,,,,
,,,,,,-1.3091922,,,,,,,,,,,,,,,,,,,,,,,,,,,,,,,,,,,,,,,,,1.0,,,,,,,,,,,,,,,,,,,,,,,,,,,,,,,,,,
,,,,,,,,,,,,,,1.427913,,,-3.6291184,,,,,,,,,,,,,,,,,,,,,,,,,,,,,,,,,,,,,,1.0,,,0.0,,,,,,,,,,,,,,,,,,,,,,,
